1,Bulbasaur,4,12,4,https://raw.githubusercontent.com/HybridShivam/Pokemon/master/assets/images/001.png
2,Ivysaur,4,12,4,https://raw.githubusercontent.com/HybridShivam/Pokemon/master/assets/images/002.png
3,Venusaur,4,12,4,https://raw.githubusercontent.com/HybridShivam/Pokemon/master/assets/images/003.png
4,Charmander,4,10,,https://raw.githubusercontent.com/HybridShivam/Pokemon/master/assets/images/004.png
5,Charmeleon,4,10,,https://raw.githubusercontent.com/HybridShivam/Pokemon/master/assets/images/005.png
6,Charizard,4,10,3,https://raw.githubusercontent.com/HybridShivam/Pokemon/master/assets/images/006.png
7,Squirtle,4,11,,https://raw.githubusercontent.com/HybridShivam/Pokemon/master/assets/images/007.png
8,Wartortle,4,11,,https://raw.githubusercontent.com/HybridShivam/Pokemon/master/assets/images/008.png
9,Blastoise,4,11,,https://raw.githubusercontent.com/HybridShivam/Pokemon/master/assets/images/009.png
10,Caterpie,4,7,,https://raw.githubusercontent.com/HybridShivam/Pokemon/master/assets/images/010.png
11,Metapod,4,7,,https://raw.githubusercontent.com/HybridShivam/Pokemon/master/assets/images/011.png
12,Butterfree,4,7,3,https://raw.githubusercontent.com/HybridShivam/Pokemon/master/assets/images/012.png
13,Weedle,4,7,4,https://raw.githubusercontent.com/HybridShivam/Pokemon/master/assets/images/013.png
14,Kakuna,4,7,4,https://raw.githubusercontent.com/HybridShivam/Pokemon/master/assets/images/014.png
15,Beedrill,4,7,4,https://raw.githubusercontent.com/HybridShivam/Pokemon/master/assets/images/015.png
16,Pidgey,4,1,3,https://raw.githubusercontent.com/HybridShivam/Pokemon/master/assets/images/016.png
17,Pidgeotto,4,1,3,https://raw.githubusercontent.com/HybridShivam/Pokemon/master/assets/images/017.png
18,Pidgeot,4,1,3,https://raw.githubusercontent.com/HybridShivam/Pokemon/master/assets/images/018.png
19,Rattata,4,1,,https://raw.githubusercontent.com/HybridShivam/Pokemon/master/assets/images/019.png
20,Raticate,4,1,,https://raw.githubusercontent.com/HybridShivam/Pokemon/master/assets/images/020.png
21,Spearow,4,1,3,https://raw.githubusercontent.com/HybridShivam/Pokemon/master/assets/images/021.png
22,Fearow,4,1,3,https://raw.githubusercontent.com/HybridShivam/Pokemon/master/assets/images/022.png
23,Ekans,4,4,,https://raw.githubusercontent.com/HybridShivam/Pokemon/master/assets/images/023.png
24,Arbok,4,4,,https://raw.githubusercontent.com/HybridShivam/Pokemon/master/assets/images/024.png
25,Pikachu,4,13,,https://raw.githubusercontent.com/HybridShivam/Pokemon/master/assets/images/025.png
26,Raichu,4,13,,https://raw.githubusercontent.com/HybridShivam/Pokemon/master/assets/images/026.png
27,Sandshrew,4,5,,https://raw.githubusercontent.com/HybridShivam/Pokemon/master/assets/images/027.png
28,Sandslash,4,5,,https://raw.githubusercontent.com/HybridShivam/Pokemon/master/assets/images/028.png
29,Nidoran F,4,4,,https://raw.githubusercontent.com/HybridShivam/Pokemon/master/assets/images/029.png
30,Nidorina,4,4,,https://raw.githubusercontent.com/HybridShivam/Pokemon/master/assets/images/030.png
31,Nidoqueen,4,4,5,https://raw.githubusercontent.com/HybridShivam/Pokemon/master/assets/images/031.png
32,Nidoran M,4,4,,https://raw.githubusercontent.com/HybridShivam/Pokemon/master/assets/images/032.png
33,Nidorino,4,4,,https://raw.githubusercontent.com/HybridShivam/Pokemon/master/assets/images/033.png
34,Nidoking,4,4,5,https://raw.githubusercontent.com/HybridShivam/Pokemon/master/assets/images/034.png
35,Clefairy,4,18,,https://raw.githubusercontent.com/HybridShivam/Pokemon/master/assets/images/035.png
36,Clefable,4,18,,https://raw.githubusercontent.com/HybridShivam/Pokemon/master/assets/images/036.png
37,Vulpix,4,10,,https://raw.githubusercontent.com/HybridShivam/Pokemon/master/assets/images/037.png
38,Ninetales,4,10,,https://raw.githubusercontent.com/HybridShivam/Pokemon/master/assets/images/038.png
39,Jigglypuff,4,1,18,https://raw.githubusercontent.com/HybridShivam/Pokemon/master/assets/images/039.png
40,Wigglytuff,4,1,18,https://raw.githubusercontent.com/HybridShivam/Pokemon/master/assets/images/040.png
41,Zubat,4,4,3,https://raw.githubusercontent.com/HybridShivam/Pokemon/master/assets/images/041.png
42,Golbat,4,4,3,https://raw.githubusercontent.com/HybridShivam/Pokemon/master/assets/images/042.png
43,Oddish,4,12,4,https://raw.githubusercontent.com/HybridShivam/Pokemon/master/assets/images/043.png
44,Gloom,4,12,4,https://raw.githubusercontent.com/HybridShivam/Pokemon/master/assets/images/044.png
45,Vileplume,4,12,4,https://raw.githubusercontent.com/HybridShivam/Pokemon/master/assets/images/045.png
46,Paras,4,7,12,https://raw.githubusercontent.com/HybridShivam/Pokemon/master/assets/images/046.png
47,Parasect,4,7,12,https://raw.githubusercontent.com/HybridShivam/Pokemon/master/assets/images/047.png
48,Venonat,4,7,4,https://raw.githubusercontent.com/HybridShivam/Pokemon/master/assets/images/048.png
49,Venomoth,4,7,4,https://raw.githubusercontent.com/HybridShivam/Pokemon/master/assets/images/049.png
50,Diglett,4,5,,https://raw.githubusercontent.com/HybridShivam/Pokemon/master/assets/images/050.png
51,Dugtrio,4,5,,https://raw.githubusercontent.com/HybridShivam/Pokemon/master/assets/images/051.png
52,Meowth,4,1,,https://raw.githubusercontent.com/HybridShivam/Pokemon/master/assets/images/052.png
53,Persian,4,1,,https://raw.githubusercontent.com/HybridShivam/Pokemon/master/assets/images/053.png
54,Psyduck,4,11,,https://raw.githubusercontent.com/HybridShivam/Pokemon/master/assets/images/054.png
55,Golduck,4,11,,https://raw.githubusercontent.com/HybridShivam/Pokemon/master/assets/images/055.png
56,Mankey,4,2,,https://raw.githubusercontent.com/HybridShivam/Pokemon/master/assets/images/056.png
57,Primeape,4,2,,https://raw.githubusercontent.com/HybridShivam/Pokemon/master/assets/images/057.png
58,Growlithe,4,10,,https://raw.githubusercontent.com/HybridShivam/Pokemon/master/assets/images/058.png
59,Arcanine,4,10,,https://raw.githubusercontent.com/HybridShivam/Pokemon/master/assets/images/059.png
60,Poliwag,4,11,,https://raw.githubusercontent.com/HybridShivam/Pokemon/master/assets/images/060.png
61,Poliwhirl,4,11,,https://raw.githubusercontent.com/HybridShivam/Pokemon/master/assets/images/061.png
62,Poliwrath,4,11,2,https://raw.githubusercontent.com/HybridShivam/Pokemon/master/assets/images/062.png
63,Abra,4,14,,https://raw.githubusercontent.com/HybridShivam/Pokemon/master/assets/images/063.png
64,Kadabra,4,14,,https://raw.githubusercontent.com/HybridShivam/Pokemon/master/assets/images/064.png
65,Alakazam,4,14,,https://raw.githubusercontent.com/HybridShivam/Pokemon/master/assets/images/065.png
66,Machop,4,2,,https://raw.githubusercontent.com/HybridShivam/Pokemon/master/assets/images/066.png
67,Machoke,4,2,,https://raw.githubusercontent.com/HybridShivam/Pokemon/master/assets/images/067.png
68,Machamp,4,2,,https://raw.githubusercontent.com/HybridShivam/Pokemon/master/assets/images/068.png
69,Bellsprout,4,12,4,https://raw.githubusercontent.com/HybridShivam/Pokemon/master/assets/images/069.png
70,Weepinbell,4,12,4,https://raw.githubusercontent.com/HybridShivam/Pokemon/master/assets/images/070.png
71,Victreebel,4,12,4,https://raw.githubusercontent.com/HybridShivam/Pokemon/master/assets/images/071.png
72,Tentacool,4,11,4,https://raw.githubusercontent.com/HybridShivam/Pokemon/master/assets/images/072.png
73,Tentacruel,4,11,4,https://raw.githubusercontent.com/HybridShivam/Pokemon/master/assets/images/073.png
74,Geodude,4,6,5,https://raw.githubusercontent.com/HybridShivam/Pokemon/master/assets/images/074.png
75,Graveler,4,6,5,https://raw.githubusercontent.com/HybridShivam/Pokemon/master/assets/images/075.png
76,Golem,4,6,5,https://raw.githubusercontent.com/HybridShivam/Pokemon/master/assets/images/076.png
77,Ponyta,4,10,,https://raw.githubusercontent.com/HybridShivam/Pokemon/master/assets/images/077.png
78,Rapidash,4,10,,https://raw.githubusercontent.com/HybridShivam/Pokemon/master/assets/images/078.png
79,Slowpoke,4,11,14,https://raw.githubusercontent.com/HybridShivam/Pokemon/master/assets/images/079.png
80,Slowbro,4,11,14,https://raw.githubusercontent.com/HybridShivam/Pokemon/master/assets/images/080.png
81,Magnemite,4,13,9,https://raw.githubusercontent.com/HybridShivam/Pokemon/master/assets/images/081.png
82,Magneton,4,13,9,https://raw.githubusercontent.com/HybridShivam/Pokemon/master/assets/images/082.png
83,Farfetchd,4,1,3,https://raw.githubusercontent.com/HybridShivam/Pokemon/master/assets/images/083.png
84,Doduo,4,1,3,https://raw.githubusercontent.com/HybridShivam/Pokemon/master/assets/images/084.png
85,Dodrio,4,1,3,https://raw.githubusercontent.com/HybridShivam/Pokemon/master/assets/images/085.png
86,Seel,4,11,,https://raw.githubusercontent.com/HybridShivam/Pokemon/master/assets/images/086.png
87,Dewgong,4,11,15,https://raw.githubusercontent.com/HybridShivam/Pokemon/master/assets/images/087.png
88,Grimer,4,4,,https://raw.githubusercontent.com/HybridShivam/Pokemon/master/assets/images/088.png
89,Muk,4,4,,https://raw.githubusercontent.com/HybridShivam/Pokemon/master/assets/images/089.png
90,Shellder,4,11,,https://raw.githubusercontent.com/HybridShivam/Pokemon/master/assets/images/090.png
91,Cloyster,4,11,15,https://raw.githubusercontent.com/HybridShivam/Pokemon/master/assets/images/091.png
92,Gastly,4,8,4,https://raw.githubusercontent.com/HybridShivam/Pokemon/master/assets/images/092.png
93,Haunter,4,8,4,https://raw.githubusercontent.com/HybridShivam/Pokemon/master/assets/images/093.png
94,Gengar,4,8,4,https://raw.githubusercontent.com/HybridShivam/Pokemon/master/assets/images/094.png
95,Onix,4,6,5,https://raw.githubusercontent.com/HybridShivam/Pokemon/master/assets/images/095.png
96,Drowzee,4,14,,https://raw.githubusercontent.com/HybridShivam/Pokemon/master/assets/images/096.png
97,Hypno,4,14,,https://raw.githubusercontent.com/HybridShivam/Pokemon/master/assets/images/097.png
98,Krabby,4,11,,https://raw.githubusercontent.com/HybridShivam/Pokemon/master/assets/images/098.png
99,Kingler,4,11,,https://raw.githubusercontent.com/HybridShivam/Pokemon/master/assets/images/099.png
100,Voltorb,4,13,,https://raw.githubusercontent.com/HybridShivam/Pokemon/master/assets/images/100.png
101,Electrode,4,13,,https://raw.githubusercontent.com/HybridShivam/Pokemon/master/assets/images/101.png
102,Exeggcute,4,12,14,https://raw.githubusercontent.com/HybridShivam/Pokemon/master/assets/images/102.png
103,Exeggutor,4,12,14,https://raw.githubusercontent.com/HybridShivam/Pokemon/master/assets/images/103.png
104,Cubone,4,5,,https://raw.githubusercontent.com/HybridShivam/Pokemon/master/assets/images/104.png
105,Marowak,4,5,,https://raw.githubusercontent.com/HybridShivam/Pokemon/master/assets/images/105.png
106,Hitmonlee,4,2,,https://raw.githubusercontent.com/HybridShivam/Pokemon/master/assets/images/106.png
107,Hitmonchan,4,2,,https://raw.githubusercontent.com/HybridShivam/Pokemon/master/assets/images/107.png
108,Lickitung,4,1,,https://raw.githubusercontent.com/HybridShivam/Pokemon/master/assets/images/108.png
109,Koffing,4,4,,https://raw.githubusercontent.com/HybridShivam/Pokemon/master/assets/images/109.png
110,Weezing,4,4,,https://raw.githubusercontent.com/HybridShivam/Pokemon/master/assets/images/110.png
111,Rhyhorn,4,5,6,https://raw.githubusercontent.com/HybridShivam/Pokemon/master/assets/images/111.png
112,Rhydon,4,5,6,https://raw.githubusercontent.com/HybridShivam/Pokemon/master/assets/images/112.png
113,Chansey,4,1,,https://raw.githubusercontent.com/HybridShivam/Pokemon/master/assets/images/113.png
114,Tangela,4,12,,https://raw.githubusercontent.com/HybridShivam/Pokemon/master/assets/images/114.png
115,Kangaskhan,4,1,,https://raw.githubusercontent.com/HybridShivam/Pokemon/master/assets/images/115.png
116,Horsea,4,11,,https://raw.githubusercontent.com/HybridShivam/Pokemon/master/assets/images/116.png
117,Seadra,4,11,,https://raw.githubusercontent.com/HybridShivam/Pokemon/master/assets/images/117.png
118,Goldeen,4,11,,https://raw.githubusercontent.com/HybridShivam/Pokemon/master/assets/images/118.png
119,Seaking,4,11,,https://raw.githubusercontent.com/HybridShivam/Pokemon/master/assets/images/119.png
120,Staryu,4,11,,https://raw.githubusercontent.com/HybridShivam/Pokemon/master/assets/images/120.png
121,Starmie,4,11,14,https://raw.githubusercontent.com/HybridShivam/Pokemon/master/assets/images/121.png
122,Mr Mime,4,14,18,https://raw.githubusercontent.com/HybridShivam/Pokemon/master/assets/images/122.png
123,Scyther,4,7,3,https://raw.githubusercontent.com/HybridShivam/Pokemon/master/assets/images/123.png
124,Jynx,4,15,14,https://raw.githubusercontent.com/HybridShivam/Pokemon/master/assets/images/124.png
125,Electabuzz,4,13,,https://raw.githubusercontent.com/HybridShivam/Pokemon/master/assets/images/125.png
126,Magmar,4,10,,https://raw.githubusercontent.com/HybridShivam/Pokemon/master/assets/images/126.png
127,Pinsir,4,7,,https://raw.githubusercontent.com/HybridShivam/Pokemon/master/assets/images/127.png
128,Tauros,4,1,,https://raw.githubusercontent.com/HybridShivam/Pokemon/master/assets/images/128.png
129,Magikarp,4,11,,https://raw.githubusercontent.com/HybridShivam/Pokemon/master/assets/images/129.png
130,Gyarados,4,11,3,https://raw.githubusercontent.com/HybridShivam/Pokemon/master/assets/images/130.png
131,Lapras,4,11,15,https://raw.githubusercontent.com/HybridShivam/Pokemon/master/assets/images/131.png
132,Ditto,4,1,,https://raw.githubusercontent.com/HybridShivam/Pokemon/master/assets/images/132.png
133,Eevee,4,1,,https://raw.githubusercontent.com/HybridShivam/Pokemon/master/assets/images/133.png
134,Vaporeon,4,11,,https://raw.githubusercontent.com/HybridShivam/Pokemon/master/assets/images/134.png
135,Jolteon,4,13,,https://raw.githubusercontent.com/HybridShivam/Pokemon/master/assets/images/135.png
136,Flareon,4,10,,https://raw.githubusercontent.com/HybridShivam/Pokemon/master/assets/images/136.png
137,Porygon,4,1,,https://raw.githubusercontent.com/HybridShivam/Pokemon/master/assets/images/137.png
138,Omanyte,4,6,11,https://raw.githubusercontent.com/HybridShivam/Pokemon/master/assets/images/138.png
139,Omastar,4,6,11,https://raw.githubusercontent.com/HybridShivam/Pokemon/master/assets/images/139.png
140,Kabuto,4,6,11,https://raw.githubusercontent.com/HybridShivam/Pokemon/master/assets/images/140.png
141,Kabutops,4,6,11,https://raw.githubusercontent.com/HybridShivam/Pokemon/master/assets/images/141.png
142,Aerodactyl,4,6,3,https://raw.githubusercontent.com/HybridShivam/Pokemon/master/assets/images/142.png
143,Snorlax,4,1,,https://raw.githubusercontent.com/HybridShivam/Pokemon/master/assets/images/143.png
144,Articuno,4,15,3,https://raw.githubusercontent.com/HybridShivam/Pokemon/master/assets/images/144.png
145,Zapdos,4,13,3,https://raw.githubusercontent.com/HybridShivam/Pokemon/master/assets/images/145.png
146,Moltres,4,10,3,https://raw.githubusercontent.com/HybridShivam/Pokemon/master/assets/images/146.png
147,Dratini,4,16,,https://raw.githubusercontent.com/HybridShivam/Pokemon/master/assets/images/147.png
148,Dragonair,4,16,,https://raw.githubusercontent.com/HybridShivam/Pokemon/master/assets/images/148.png
149,Dragonite,4,16,3,https://raw.githubusercontent.com/HybridShivam/Pokemon/master/assets/images/149.png
150,Mewtwo,4,14,,https://raw.githubusercontent.com/HybridShivam/Pokemon/master/assets/images/150.png
151,Mew,4,14,,https://raw.githubusercontent.com/HybridShivam/Pokemon/master/assets/images/151.png
152,Chikorita,4,12,,https://raw.githubusercontent.com/HybridShivam/Pokemon/master/assets/images/152.png
153,Bayleef,4,12,,https://raw.githubusercontent.com/HybridShivam/Pokemon/master/assets/images/153.png
154,Meganium,4,12,,https://raw.githubusercontent.com/HybridShivam/Pokemon/master/assets/images/154.png
155,Cyndaquil,4,10,,https://raw.githubusercontent.com/HybridShivam/Pokemon/master/assets/images/155.png
156,Quilava,4,10,,https://raw.githubusercontent.com/HybridShivam/Pokemon/master/assets/images/156.png
157,Typhlosion,4,10,,https://raw.githubusercontent.com/HybridShivam/Pokemon/master/assets/images/157.png
158,Totodile,4,11,,https://raw.githubusercontent.com/HybridShivam/Pokemon/master/assets/images/158.png
159,Croconaw,4,11,,https://raw.githubusercontent.com/HybridShivam/Pokemon/master/assets/images/159.png
160,Feraligatr,4,11,,https://raw.githubusercontent.com/HybridShivam/Pokemon/master/assets/images/160.png
161,Sentret,4,1,,https://raw.githubusercontent.com/HybridShivam/Pokemon/master/assets/images/161.png
162,Furret,4,1,,https://raw.githubusercontent.com/HybridShivam/Pokemon/master/assets/images/162.png
163,Hoothoot,4,1,3,https://raw.githubusercontent.com/HybridShivam/Pokemon/master/assets/images/163.png
164,Noctowl,4,1,3,https://raw.githubusercontent.com/HybridShivam/Pokemon/master/assets/images/164.png
165,Ledyba,4,7,3,https://raw.githubusercontent.com/HybridShivam/Pokemon/master/assets/images/165.png
166,Ledian,4,7,3,https://raw.githubusercontent.com/HybridShivam/Pokemon/master/assets/images/166.png
167,Spinarak,4,7,4,https://raw.githubusercontent.com/HybridShivam/Pokemon/master/assets/images/167.png
168,Ariados,4,7,4,https://raw.githubusercontent.com/HybridShivam/Pokemon/master/assets/images/168.png
169,Crobat,4,4,3,https://raw.githubusercontent.com/HybridShivam/Pokemon/master/assets/images/169.png
170,Chinchou,4,11,13,https://raw.githubusercontent.com/HybridShivam/Pokemon/master/assets/images/170.png
171,Lanturn,4,11,13,https://raw.githubusercontent.com/HybridShivam/Pokemon/master/assets/images/171.png
172,Pichu,4,13,,https://raw.githubusercontent.com/HybridShivam/Pokemon/master/assets/images/172.png
173,Cleffa,4,18,,https://raw.githubusercontent.com/HybridShivam/Pokemon/master/assets/images/173.png
174,Igglybuff,4,1,18,https://raw.githubusercontent.com/HybridShivam/Pokemon/master/assets/images/174.png
175,Togepi,4,18,,https://raw.githubusercontent.com/HybridShivam/Pokemon/master/assets/images/175.png
176,Togetic,4,18,3,https://raw.githubusercontent.com/HybridShivam/Pokemon/master/assets/images/176.png
177,Natu,4,14,3,https://raw.githubusercontent.com/HybridShivam/Pokemon/master/assets/images/177.png
178,Xatu,4,14,3,https://raw.githubusercontent.com/HybridShivam/Pokemon/master/assets/images/178.png
179,Mareep,4,13,,https://raw.githubusercontent.com/HybridShivam/Pokemon/master/assets/images/179.png
180,Flaaffy,4,13,,https://raw.githubusercontent.com/HybridShivam/Pokemon/master/assets/images/180.png
181,Ampharos,4,13,,https://raw.githubusercontent.com/HybridShivam/Pokemon/master/assets/images/181.png
182,Bellossom,4,12,,https://raw.githubusercontent.com/HybridShivam/Pokemon/master/assets/images/182.png
183,Marill,4,11,18,https://raw.githubusercontent.com/HybridShivam/Pokemon/master/assets/images/183.png
184,Azumarill,4,11,18,https://raw.githubusercontent.com/HybridShivam/Pokemon/master/assets/images/184.png
185,Sudowoodo,4,6,,https://raw.githubusercontent.com/HybridShivam/Pokemon/master/assets/images/185.png
186,Politoed,4,11,,https://raw.githubusercontent.com/HybridShivam/Pokemon/master/assets/images/186.png
187,Hoppip,4,12,3,https://raw.githubusercontent.com/HybridShivam/Pokemon/master/assets/images/187.png
188,Skiploom,4,12,3,https://raw.githubusercontent.com/HybridShivam/Pokemon/master/assets/images/188.png
189,Jumpluff,4,12,3,https://raw.githubusercontent.com/HybridShivam/Pokemon/master/assets/images/189.png
190,Aipom,4,1,,https://raw.githubusercontent.com/HybridShivam/Pokemon/master/assets/images/190.png
191,Sunkern,4,12,,https://raw.githubusercontent.com/HybridShivam/Pokemon/master/assets/images/191.png
192,Sunflora,4,12,,https://raw.githubusercontent.com/HybridShivam/Pokemon/master/assets/images/192.png
193,Yanma,4,7,3,https://raw.githubusercontent.com/HybridShivam/Pokemon/master/assets/images/193.png
194,Wooper,4,11,5,https://raw.githubusercontent.com/HybridShivam/Pokemon/master/assets/images/194.png
195,Quagsire,4,11,5,https://raw.githubusercontent.com/HybridShivam/Pokemon/master/assets/images/195.png
196,Espeon,4,14,,https://raw.githubusercontent.com/HybridShivam/Pokemon/master/assets/images/196.png
197,Umbreon,4,17,,https://raw.githubusercontent.com/HybridShivam/Pokemon/master/assets/images/197.png
198,Murkrow,4,17,3,https://raw.githubusercontent.com/HybridShivam/Pokemon/master/assets/images/198.png
199,Slowking,4,11,14,https://raw.githubusercontent.com/HybridShivam/Pokemon/master/assets/images/199.png
200,Misdreavus,4,8,,https://raw.githubusercontent.com/HybridShivam/Pokemon/master/assets/images/200.png
201,Unown,4,14,,https://raw.githubusercontent.com/HybridShivam/Pokemon/master/assets/images/201.png
202,Wobbuffet,4,14,,https://raw.githubusercontent.com/HybridShivam/Pokemon/master/assets/images/202.png
203,Girafarig,4,1,14,https://raw.githubusercontent.com/HybridShivam/Pokemon/master/assets/images/203.png
204,Pineco,4,7,,https://raw.githubusercontent.com/HybridShivam/Pokemon/master/assets/images/204.png
205,Forretress,4,7,9,https://raw.githubusercontent.com/HybridShivam/Pokemon/master/assets/images/205.png
206,Dunsparce,4,1,,https://raw.githubusercontent.com/HybridShivam/Pokemon/master/assets/images/206.png
207,Gligar,4,5,3,https://raw.githubusercontent.com/HybridShivam/Pokemon/master/assets/images/207.png
208,Steelix,4,9,5,https://raw.githubusercontent.com/HybridShivam/Pokemon/master/assets/images/208.png
209,Snubbull,4,18,,https://raw.githubusercontent.com/HybridShivam/Pokemon/master/assets/images/209.png
210,Granbull,4,18,,https://raw.githubusercontent.com/HybridShivam/Pokemon/master/assets/images/210.png
211,Qwilfish,4,11,4,https://raw.githubusercontent.com/HybridShivam/Pokemon/master/assets/images/211.png
212,Scizor,4,7,9,https://raw.githubusercontent.com/HybridShivam/Pokemon/master/assets/images/212.png
213,Shuckle,4,7,6,https://raw.githubusercontent.com/HybridShivam/Pokemon/master/assets/images/213.png
214,Heracross,4,7,2,https://raw.githubusercontent.com/HybridShivam/Pokemon/master/assets/images/214.png
215,Sneasel,4,17,15,https://raw.githubusercontent.com/HybridShivam/Pokemon/master/assets/images/215.png
216,Teddiursa,4,1,,https://raw.githubusercontent.com/HybridShivam/Pokemon/master/assets/images/216.png
217,Ursaring,4,1,,https://raw.githubusercontent.com/HybridShivam/Pokemon/master/assets/images/217.png
218,Slugma,4,10,,https://raw.githubusercontent.com/HybridShivam/Pokemon/master/assets/images/218.png
219,Magcargo,4,10,6,https://raw.githubusercontent.com/HybridShivam/Pokemon/master/assets/images/219.png
220,Swinub,4,15,5,https://raw.githubusercontent.com/HybridShivam/Pokemon/master/assets/images/220.png
221,Piloswine,4,15,5,https://raw.githubusercontent.com/HybridShivam/Pokemon/master/assets/images/221.png
222,Corsola,4,11,6,https://raw.githubusercontent.com/HybridShivam/Pokemon/master/assets/images/222.png
223,Remoraid,4,11,,https://raw.githubusercontent.com/HybridShivam/Pokemon/master/assets/images/223.png
224,Octillery,4,11,,https://raw.githubusercontent.com/HybridShivam/Pokemon/master/assets/images/224.png
225,Delibird,4,15,3,https://raw.githubusercontent.com/HybridShivam/Pokemon/master/assets/images/225.png
226,Mantine,4,11,3,https://raw.githubusercontent.com/HybridShivam/Pokemon/master/assets/images/226.png
227,Skarmory,4,9,3,https://raw.githubusercontent.com/HybridShivam/Pokemon/master/assets/images/227.png
228,Houndour,4,17,10,https://raw.githubusercontent.com/HybridShivam/Pokemon/master/assets/images/228.png
229,Houndoom,4,17,10,https://raw.githubusercontent.com/HybridShivam/Pokemon/master/assets/images/229.png
230,Kingdra,4,11,16,https://raw.githubusercontent.com/HybridShivam/Pokemon/master/assets/images/230.png
231,Phanpy,4,5,,https://raw.githubusercontent.com/HybridShivam/Pokemon/master/assets/images/231.png
232,Donphan,4,5,,https://raw.githubusercontent.com/HybridShivam/Pokemon/master/assets/images/232.png
233,Porygon2,4,1,,https://raw.githubusercontent.com/HybridShivam/Pokemon/master/assets/images/233.png
234,Stantler,4,1,,https://raw.githubusercontent.com/HybridShivam/Pokemon/master/assets/images/234.png
235,Smeargle,4,1,,https://raw.githubusercontent.com/HybridShivam/Pokemon/master/assets/images/235.png
236,Tyrogue,4,2,,https://raw.githubusercontent.com/HybridShivam/Pokemon/master/assets/images/236.png
237,Hitmontop,4,2,,https://raw.githubusercontent.com/HybridShivam/Pokemon/master/assets/images/237.png
238,Smoochum,4,15,14,https://raw.githubusercontent.com/HybridShivam/Pokemon/master/assets/images/238.png
239,Elekid,4,13,,https://raw.githubusercontent.com/HybridShivam/Pokemon/master/assets/images/239.png
240,Magby,4,10,,https://raw.githubusercontent.com/HybridShivam/Pokemon/master/assets/images/240.png
241,Miltank,4,1,,https://raw.githubusercontent.com/HybridShivam/Pokemon/master/assets/images/241.png
242,Blissey,4,1,,https://raw.githubusercontent.com/HybridShivam/Pokemon/master/assets/images/242.png
243,Raikou,4,13,,https://raw.githubusercontent.com/HybridShivam/Pokemon/master/assets/images/243.png
244,Entei,4,10,,https://raw.githubusercontent.com/HybridShivam/Pokemon/master/assets/images/244.png
245,Suicune,4,11,,https://raw.githubusercontent.com/HybridShivam/Pokemon/master/assets/images/245.png
246,Larvitar,4,6,5,https://raw.githubusercontent.com/HybridShivam/Pokemon/master/assets/images/246.png
247,Pupitar,4,6,5,https://raw.githubusercontent.com/HybridShivam/Pokemon/master/assets/images/247.png
248,Tyranitar,4,6,17,https://raw.githubusercontent.com/HybridShivam/Pokemon/master/assets/images/248.png
249,Lugia,4,14,3,https://raw.githubusercontent.com/HybridShivam/Pokemon/master/assets/images/249.png
250,Ho Oh,4,10,3,https://raw.githubusercontent.com/HybridShivam/Pokemon/master/assets/images/250.png
251,Celebi,4,14,12,https://raw.githubusercontent.com/HybridShivam/Pokemon/master/assets/images/251.png
252,Treecko,4,12,,https://raw.githubusercontent.com/HybridShivam/Pokemon/master/assets/images/252.png
253,Grovyle,4,12,,https://raw.githubusercontent.com/HybridShivam/Pokemon/master/assets/images/253.png
254,Sceptile,4,12,,https://raw.githubusercontent.com/HybridShivam/Pokemon/master/assets/images/254.png
255,Torchic,4,10,,https://raw.githubusercontent.com/HybridShivam/Pokemon/master/assets/images/255.png
256,Combusken,4,10,2,https://raw.githubusercontent.com/HybridShivam/Pokemon/master/assets/images/256.png
257,Blaziken,4,10,2,https://raw.githubusercontent.com/HybridShivam/Pokemon/master/assets/images/257.png
258,Mudkip,4,11,,https://raw.githubusercontent.com/HybridShivam/Pokemon/master/assets/images/258.png
259,Marshtomp,4,11,5,https://raw.githubusercontent.com/HybridShivam/Pokemon/master/assets/images/259.png
260,Swampert,4,11,5,https://raw.githubusercontent.com/HybridShivam/Pokemon/master/assets/images/260.png
261,Poochyena,4,17,,https://raw.githubusercontent.com/HybridShivam/Pokemon/master/assets/images/261.png
262,Mightyena,4,17,,https://raw.githubusercontent.com/HybridShivam/Pokemon/master/assets/images/262.png
263,Zigzagoon,4,1,,https://raw.githubusercontent.com/HybridShivam/Pokemon/master/assets/images/263.png
264,Linoone,4,1,,https://raw.githubusercontent.com/HybridShivam/Pokemon/master/assets/images/264.png
265,Wurmple,4,7,,https://raw.githubusercontent.com/HybridShivam/Pokemon/master/assets/images/265.png
266,Silcoon,4,7,,https://raw.githubusercontent.com/HybridShivam/Pokemon/master/assets/images/266.png
267,Beautifly,4,7,3,https://raw.githubusercontent.com/HybridShivam/Pokemon/master/assets/images/267.png
268,Cascoon,4,7,,https://raw.githubusercontent.com/HybridShivam/Pokemon/master/assets/images/268.png
269,Dustox,4,7,4,https://raw.githubusercontent.com/HybridShivam/Pokemon/master/assets/images/269.png
270,Lotad,4,11,12,https://raw.githubusercontent.com/HybridShivam/Pokemon/master/assets/images/270.png
271,Lombre,4,11,12,https://raw.githubusercontent.com/HybridShivam/Pokemon/master/assets/images/271.png
272,Ludicolo,4,11,12,https://raw.githubusercontent.com/HybridShivam/Pokemon/master/assets/images/272.png
273,Seedot,4,12,,https://raw.githubusercontent.com/HybridShivam/Pokemon/master/assets/images/273.png
274,Nuzleaf,4,12,17,https://raw.githubusercontent.com/HybridShivam/Pokemon/master/assets/images/274.png
275,Shiftry,4,12,17,https://raw.githubusercontent.com/HybridShivam/Pokemon/master/assets/images/275.png
276,Taillow,4,1,3,https://raw.githubusercontent.com/HybridShivam/Pokemon/master/assets/images/276.png
277,Swellow,4,1,3,https://raw.githubusercontent.com/HybridShivam/Pokemon/master/assets/images/277.png
278,Wingull,4,11,3,https://raw.githubusercontent.com/HybridShivam/Pokemon/master/assets/images/278.png
279,Pelipper,4,11,3,https://raw.githubusercontent.com/HybridShivam/Pokemon/master/assets/images/279.png
280,Ralts,4,14,18,https://raw.githubusercontent.com/HybridShivam/Pokemon/master/assets/images/280.png
281,Kirlia,4,14,18,https://raw.githubusercontent.com/HybridShivam/Pokemon/master/assets/images/281.png
282,Gardevoir,4,14,18,https://raw.githubusercontent.com/HybridShivam/Pokemon/master/assets/images/282.png
283,Surskit,4,7,11,https://raw.githubusercontent.com/HybridShivam/Pokemon/master/assets/images/283.png
284,Masquerain,4,7,3,https://raw.githubusercontent.com/HybridShivam/Pokemon/master/assets/images/284.png
285,Shroomish,4,12,,https://raw.githubusercontent.com/HybridShivam/Pokemon/master/assets/images/285.png
286,Breloom,4,12,2,https://raw.githubusercontent.com/HybridShivam/Pokemon/master/assets/images/286.png
287,Slakoth,4,1,,https://raw.githubusercontent.com/HybridShivam/Pokemon/master/assets/images/287.png
288,Vigoroth,4,1,,https://raw.githubusercontent.com/HybridShivam/Pokemon/master/assets/images/288.png
289,Slaking,4,1,,https://raw.githubusercontent.com/HybridShivam/Pokemon/master/assets/images/289.png
290,Nincada,4,7,5,https://raw.githubusercontent.com/HybridShivam/Pokemon/master/assets/images/290.png
291,Ninjask,4,7,3,https://raw.githubusercontent.com/HybridShivam/Pokemon/master/assets/images/291.png
292,Shedinja,4,7,8,https://raw.githubusercontent.com/HybridShivam/Pokemon/master/assets/images/292.png
293,Whismur,4,1,,https://raw.githubusercontent.com/HybridShivam/Pokemon/master/assets/images/293.png
294,Loudred,4,1,,https://raw.githubusercontent.com/HybridShivam/Pokemon/master/assets/images/294.png
295,Exploud,4,1,,https://raw.githubusercontent.com/HybridShivam/Pokemon/master/assets/images/295.png
296,Makuhita,4,2,,https://raw.githubusercontent.com/HybridShivam/Pokemon/master/assets/images/296.png
297,Hariyama,4,2,,https://raw.githubusercontent.com/HybridShivam/Pokemon/master/assets/images/297.png
298,Azurill,4,1,18,https://raw.githubusercontent.com/HybridShivam/Pokemon/master/assets/images/298.png
299,Nosepass,4,6,,https://raw.githubusercontent.com/HybridShivam/Pokemon/master/assets/images/299.png
300,Skitty,4,1,,https://raw.githubusercontent.com/HybridShivam/Pokemon/master/assets/images/300.png
301,Delcatty,4,1,,https://raw.githubusercontent.com/HybridShivam/Pokemon/master/assets/images/301.png
302,Sableye,4,17,8,https://raw.githubusercontent.com/HybridShivam/Pokemon/master/assets/images/302.png
303,Mawile,4,9,18,https://raw.githubusercontent.com/HybridShivam/Pokemon/master/assets/images/303.png
304,Aron,4,9,6,https://raw.githubusercontent.com/HybridShivam/Pokemon/master/assets/images/304.png
305,Lairon,4,9,6,https://raw.githubusercontent.com/HybridShivam/Pokemon/master/assets/images/305.png
306,Aggron,4,9,6,https://raw.githubusercontent.com/HybridShivam/Pokemon/master/assets/images/306.png
307,Meditite,4,2,14,https://raw.githubusercontent.com/HybridShivam/Pokemon/master/assets/images/307.png
308,Medicham,4,2,14,https://raw.githubusercontent.com/HybridShivam/Pokemon/master/assets/images/308.png
309,Electrike,4,13,,https://raw.githubusercontent.com/HybridShivam/Pokemon/master/assets/images/309.png
310,Manectric,4,13,,https://raw.githubusercontent.com/HybridShivam/Pokemon/master/assets/images/310.png
311,Plusle,4,13,,https://raw.githubusercontent.com/HybridShivam/Pokemon/master/assets/images/311.png
312,Minun,4,13,,https://raw.githubusercontent.com/HybridShivam/Pokemon/master/assets/images/312.png
313,Volbeat,4,7,,https://raw.githubusercontent.com/HybridShivam/Pokemon/master/assets/images/313.png
314,Illumise,4,7,,https://raw.githubusercontent.com/HybridShivam/Pokemon/master/assets/images/314.png
315,Roselia,4,12,4,https://raw.githubusercontent.com/HybridShivam/Pokemon/master/assets/images/315.png
316,Gulpin,4,4,,https://raw.githubusercontent.com/HybridShivam/Pokemon/master/assets/images/316.png
317,Swalot,4,4,,https://raw.githubusercontent.com/HybridShivam/Pokemon/master/assets/images/317.png
318,Carvanha,4,11,17,https://raw.githubusercontent.com/HybridShivam/Pokemon/master/assets/images/318.png
319,Sharpedo,4,11,17,https://raw.githubusercontent.com/HybridShivam/Pokemon/master/assets/images/319.png
320,Wailmer,4,11,,https://raw.githubusercontent.com/HybridShivam/Pokemon/master/assets/images/320.png
321,Wailord,4,11,,https://raw.githubusercontent.com/HybridShivam/Pokemon/master/assets/images/321.png
322,Numel,4,10,5,https://raw.githubusercontent.com/HybridShivam/Pokemon/master/assets/images/322.png
323,Camerupt,4,10,5,https://raw.githubusercontent.com/HybridShivam/Pokemon/master/assets/images/323.png
324,Torkoal,4,10,,https://raw.githubusercontent.com/HybridShivam/Pokemon/master/assets/images/324.png
325,Spoink,4,14,,https://raw.githubusercontent.com/HybridShivam/Pokemon/master/assets/images/325.png
326,Grumpig,4,14,,https://raw.githubusercontent.com/HybridShivam/Pokemon/master/assets/images/326.png
327,Spinda,4,1,,https://raw.githubusercontent.com/HybridShivam/Pokemon/master/assets/images/327.png
328,Trapinch,4,5,,https://raw.githubusercontent.com/HybridShivam/Pokemon/master/assets/images/328.png
329,Vibrava,4,5,16,https://raw.githubusercontent.com/HybridShivam/Pokemon/master/assets/images/329.png
330,Flygon,4,5,16,https://raw.githubusercontent.com/HybridShivam/Pokemon/master/assets/images/330.png
331,Cacnea,4,12,,https://raw.githubusercontent.com/HybridShivam/Pokemon/master/assets/images/331.png
332,Cacturne,4,12,17,https://raw.githubusercontent.com/HybridShivam/Pokemon/master/assets/images/332.png
333,Swablu,4,1,3,https://raw.githubusercontent.com/HybridShivam/Pokemon/master/assets/images/333.png
334,Altaria,4,16,3,https://raw.githubusercontent.com/HybridShivam/Pokemon/master/assets/images/334.png
335,Zangoose,4,1,,https://raw.githubusercontent.com/HybridShivam/Pokemon/master/assets/images/335.png
336,Seviper,4,4,,https://raw.githubusercontent.com/HybridShivam/Pokemon/master/assets/images/336.png
337,Lunatone,4,6,14,https://raw.githubusercontent.com/HybridShivam/Pokemon/master/assets/images/337.png
338,Solrock,4,6,14,https://raw.githubusercontent.com/HybridShivam/Pokemon/master/assets/images/338.png
339,Barboach,4,11,5,https://raw.githubusercontent.com/HybridShivam/Pokemon/master/assets/images/339.png
340,Whiscash,4,11,5,https://raw.githubusercontent.com/HybridShivam/Pokemon/master/assets/images/340.png
341,Corphish,4,11,,https://raw.githubusercontent.com/HybridShivam/Pokemon/master/assets/images/341.png
342,Crawdaunt,4,11,17,https://raw.githubusercontent.com/HybridShivam/Pokemon/master/assets/images/342.png
343,Baltoy,4,5,14,https://raw.githubusercontent.com/HybridShivam/Pokemon/master/assets/images/343.png
344,Claydol,4,5,14,https://raw.githubusercontent.com/HybridShivam/Pokemon/master/assets/images/344.png
345,Lileep,4,6,12,https://raw.githubusercontent.com/HybridShivam/Pokemon/master/assets/images/345.png
346,Cradily,4,6,12,https://raw.githubusercontent.com/HybridShivam/Pokemon/master/assets/images/346.png
347,Anorith,4,6,7,https://raw.githubusercontent.com/HybridShivam/Pokemon/master/assets/images/347.png
348,Armaldo,4,6,7,https://raw.githubusercontent.com/HybridShivam/Pokemon/master/assets/images/348.png
349,Feebas,4,11,,https://raw.githubusercontent.com/HybridShivam/Pokemon/master/assets/images/349.png
350,Milotic,4,11,,https://raw.githubusercontent.com/HybridShivam/Pokemon/master/assets/images/350.png
351,Castform,4,1,,https://raw.githubusercontent.com/HybridShivam/Pokemon/master/assets/images/351.png
352,Kecleon,4,1,,https://raw.githubusercontent.com/HybridShivam/Pokemon/master/assets/images/352.png
353,Shuppet,4,8,,https://raw.githubusercontent.com/HybridShivam/Pokemon/master/assets/images/353.png
354,Banette,4,8,,https://raw.githubusercontent.com/HybridShivam/Pokemon/master/assets/images/354.png
355,Duskull,4,8,,https://raw.githubusercontent.com/HybridShivam/Pokemon/master/assets/images/355.png
356,Dusclops,4,8,,https://raw.githubusercontent.com/HybridShivam/Pokemon/master/assets/images/356.png
357,Tropius,4,12,3,https://raw.githubusercontent.com/HybridShivam/Pokemon/master/assets/images/357.png
358,Chimecho,4,14,,https://raw.githubusercontent.com/HybridShivam/Pokemon/master/assets/images/358.png
359,Absol,4,17,,https://raw.githubusercontent.com/HybridShivam/Pokemon/master/assets/images/359.png
360,Wynaut,4,14,,https://raw.githubusercontent.com/HybridShivam/Pokemon/master/assets/images/360.png
361,Snorunt,4,15,,https://raw.githubusercontent.com/HybridShivam/Pokemon/master/assets/images/361.png
362,Glalie,4,15,,https://raw.githubusercontent.com/HybridShivam/Pokemon/master/assets/images/362.png
363,Spheal,4,15,11,https://raw.githubusercontent.com/HybridShivam/Pokemon/master/assets/images/363.png
364,Sealeo,4,15,11,https://raw.githubusercontent.com/HybridShivam/Pokemon/master/assets/images/364.png
365,Walrein,4,15,11,https://raw.githubusercontent.com/HybridShivam/Pokemon/master/assets/images/365.png
366,Clamperl,4,11,,https://raw.githubusercontent.com/HybridShivam/Pokemon/master/assets/images/366.png
367,Huntail,4,11,,https://raw.githubusercontent.com/HybridShivam/Pokemon/master/assets/images/367.png
368,Gorebyss,4,11,,https://raw.githubusercontent.com/HybridShivam/Pokemon/master/assets/images/368.png
369,Relicanth,4,11,6,https://raw.githubusercontent.com/HybridShivam/Pokemon/master/assets/images/369.png
370,Luvdisc,4,11,,https://raw.githubusercontent.com/HybridShivam/Pokemon/master/assets/images/370.png
371,Bagon,4,16,,https://raw.githubusercontent.com/HybridShivam/Pokemon/master/assets/images/371.png
372,Shelgon,4,16,,https://raw.githubusercontent.com/HybridShivam/Pokemon/master/assets/images/372.png
373,Salamence,4,16,3,https://raw.githubusercontent.com/HybridShivam/Pokemon/master/assets/images/373.png
374,Beldum,4,9,14,https://raw.githubusercontent.com/HybridShivam/Pokemon/master/assets/images/374.png
375,Metang,4,9,14,https://raw.githubusercontent.com/HybridShivam/Pokemon/master/assets/images/375.png
376,Metagross,4,9,14,https://raw.githubusercontent.com/HybridShivam/Pokemon/master/assets/images/376.png
377,Regirock,4,6,,https://raw.githubusercontent.com/HybridShivam/Pokemon/master/assets/images/377.png
378,Regice,4,15,,https://raw.githubusercontent.com/HybridShivam/Pokemon/master/assets/images/378.png
379,Registeel,4,9,,https://raw.githubusercontent.com/HybridShivam/Pokemon/master/assets/images/379.png
380,Latias,4,16,14,https://raw.githubusercontent.com/HybridShivam/Pokemon/master/assets/images/380.png
381,Latios,4,16,14,https://raw.githubusercontent.com/HybridShivam/Pokemon/master/assets/images/381.png
382,Kyogre,4,11,,https://raw.githubusercontent.com/HybridShivam/Pokemon/master/assets/images/382.png
383,Groudon,4,5,,https://raw.githubusercontent.com/HybridShivam/Pokemon/master/assets/images/383.png
384,Rayquaza,4,16,3,https://raw.githubusercontent.com/HybridShivam/Pokemon/master/assets/images/384.png
385,Jirachi,4,9,14,https://raw.githubusercontent.com/HybridShivam/Pokemon/master/assets/images/385.png
386,Deoxys,4,14,,https://raw.githubusercontent.com/HybridShivam/Pokemon/master/assets/images/386.png
387,Turtwig,4,12,,https://raw.githubusercontent.com/HybridShivam/Pokemon/master/assets/images/387.png
388,Grotle,4,12,,https://raw.githubusercontent.com/HybridShivam/Pokemon/master/assets/images/388.png
389,Torterra,4,12,5,https://raw.githubusercontent.com/HybridShivam/Pokemon/master/assets/images/389.png
390,Chimchar,4,10,,https://raw.githubusercontent.com/HybridShivam/Pokemon/master/assets/images/390.png
391,Monferno,4,10,2,https://raw.githubusercontent.com/HybridShivam/Pokemon/master/assets/images/391.png
392,Infernape,4,10,2,https://raw.githubusercontent.com/HybridShivam/Pokemon/master/assets/images/392.png
393,Piplup,4,11,,https://raw.githubusercontent.com/HybridShivam/Pokemon/master/assets/images/393.png
394,Prinplup,4,11,,https://raw.githubusercontent.com/HybridShivam/Pokemon/master/assets/images/394.png
395,Empoleon,4,11,9,https://raw.githubusercontent.com/HybridShivam/Pokemon/master/assets/images/395.png
396,Starly,4,1,3,https://raw.githubusercontent.com/HybridShivam/Pokemon/master/assets/images/396.png
397,Staravia,4,1,3,https://raw.githubusercontent.com/HybridShivam/Pokemon/master/assets/images/397.png
398,Staraptor,4,1,3,https://raw.githubusercontent.com/HybridShivam/Pokemon/master/assets/images/398.png
399,Bidoof,4,1,,https://raw.githubusercontent.com/HybridShivam/Pokemon/master/assets/images/399.png
400,Bibarel,4,1,11,https://raw.githubusercontent.com/HybridShivam/Pokemon/master/assets/images/400.png
401,Kricketot,4,7,,https://raw.githubusercontent.com/HybridShivam/Pokemon/master/assets/images/401.png
402,Kricketune,4,7,,https://raw.githubusercontent.com/HybridShivam/Pokemon/master/assets/images/402.png
403,Shinx,4,13,,https://raw.githubusercontent.com/HybridShivam/Pokemon/master/assets/images/403.png
404,Luxio,4,13,,https://raw.githubusercontent.com/HybridShivam/Pokemon/master/assets/images/404.png
405,Luxray,4,13,,https://raw.githubusercontent.com/HybridShivam/Pokemon/master/assets/images/405.png
406,Budew,4,12,4,https://raw.githubusercontent.com/HybridShivam/Pokemon/master/assets/images/406.png
407,Roserade,4,12,4,https://raw.githubusercontent.com/HybridShivam/Pokemon/master/assets/images/407.png
408,Cranidos,4,6,,https://raw.githubusercontent.com/HybridShivam/Pokemon/master/assets/images/408.png
409,Rampardos,4,6,,https://raw.githubusercontent.com/HybridShivam/Pokemon/master/assets/images/409.png
410,Shieldon,4,6,9,https://raw.githubusercontent.com/HybridShivam/Pokemon/master/assets/images/410.png
411,Bastiodon,4,6,9,https://raw.githubusercontent.com/HybridShivam/Pokemon/master/assets/images/411.png
412,Burmy,4,7,,https://raw.githubusercontent.com/HybridShivam/Pokemon/master/assets/images/412.png
413,Wormadam,4,7,12,https://raw.githubusercontent.com/HybridShivam/Pokemon/master/assets/images/413.png
414,Mothim,4,7,3,https://raw.githubusercontent.com/HybridShivam/Pokemon/master/assets/images/414.png
415,Combee,4,7,3,https://raw.githubusercontent.com/HybridShivam/Pokemon/master/assets/images/415.png
416,Vespiquen,4,7,3,https://raw.githubusercontent.com/HybridShivam/Pokemon/master/assets/images/416.png
417,Pachirisu,4,13,,https://raw.githubusercontent.com/HybridShivam/Pokemon/master/assets/images/417.png
418,Buizel,4,11,,https://raw.githubusercontent.com/HybridShivam/Pokemon/master/assets/images/418.png
419,Floatzel,4,11,,https://raw.githubusercontent.com/HybridShivam/Pokemon/master/assets/images/419.png
420,Cherubi,4,12,,https://raw.githubusercontent.com/HybridShivam/Pokemon/master/assets/images/420.png
421,Cherrim,4,12,,https://raw.githubusercontent.com/HybridShivam/Pokemon/master/assets/images/421.png
422,Shellos,4,11,,https://raw.githubusercontent.com/HybridShivam/Pokemon/master/assets/images/422.png
423,Gastrodon,4,11,5,https://raw.githubusercontent.com/HybridShivam/Pokemon/master/assets/images/423.png
424,Ambipom,4,1,,https://raw.githubusercontent.com/HybridShivam/Pokemon/master/assets/images/424.png
425,Drifloon,4,8,3,https://raw.githubusercontent.com/HybridShivam/Pokemon/master/assets/images/425.png
426,Drifblim,4,8,3,https://raw.githubusercontent.com/HybridShivam/Pokemon/master/assets/images/426.png
427,Buneary,4,1,,https://raw.githubusercontent.com/HybridShivam/Pokemon/master/assets/images/427.png
428,Lopunny,4,1,,https://raw.githubusercontent.com/HybridShivam/Pokemon/master/assets/images/428.png
429,Mismagius,4,8,,https://raw.githubusercontent.com/HybridShivam/Pokemon/master/assets/images/429.png
430,Honchkrow,4,17,3,https://raw.githubusercontent.com/HybridShivam/Pokemon/master/assets/images/430.png
431,Glameow,4,1,,https://raw.githubusercontent.com/HybridShivam/Pokemon/master/assets/images/431.png
432,Purugly,4,1,,https://raw.githubusercontent.com/HybridShivam/Pokemon/master/assets/images/432.png
433,Chingling,4,14,,https://raw.githubusercontent.com/HybridShivam/Pokemon/master/assets/images/433.png
434,Stunky,4,4,17,https://raw.githubusercontent.com/HybridShivam/Pokemon/master/assets/images/434.png
435,Skuntank,4,4,17,https://raw.githubusercontent.com/HybridShivam/Pokemon/master/assets/images/435.png
436,Bronzor,4,9,14,https://raw.githubusercontent.com/HybridShivam/Pokemon/master/assets/images/436.png
437,Bronzong,4,9,14,https://raw.githubusercontent.com/HybridShivam/Pokemon/master/assets/images/437.png
438,Bonsly,4,6,,https://raw.githubusercontent.com/HybridShivam/Pokemon/master/assets/images/438.png
439,Mime Jr,4,14,18,https://raw.githubusercontent.com/HybridShivam/Pokemon/master/assets/images/439.png
440,Happiny,4,1,,https://raw.githubusercontent.com/HybridShivam/Pokemon/master/assets/images/440.png
441,Chatot,4,1,3,https://raw.githubusercontent.com/HybridShivam/Pokemon/master/assets/images/441.png
442,Spiritomb,4,8,17,https://raw.githubusercontent.com/HybridShivam/Pokemon/master/assets/images/442.png
443,Gible,4,16,5,https://raw.githubusercontent.com/HybridShivam/Pokemon/master/assets/images/443.png
444,Gabite,4,16,5,https://raw.githubusercontent.com/HybridShivam/Pokemon/master/assets/images/444.png
445,Garchomp,4,16,5,https://raw.githubusercontent.com/HybridShivam/Pokemon/master/assets/images/445.png
446,Munchlax,4,1,,https://raw.githubusercontent.com/HybridShivam/Pokemon/master/assets/images/446.png
447,Riolu,4,2,,https://raw.githubusercontent.com/HybridShivam/Pokemon/master/assets/images/447.png
448,Lucario,4,2,9,https://raw.githubusercontent.com/HybridShivam/Pokemon/master/assets/images/448.png
449,Hippopotas,4,5,,https://raw.githubusercontent.com/HybridShivam/Pokemon/master/assets/images/449.png
450,Hippowdon,4,5,,https://raw.githubusercontent.com/HybridShivam/Pokemon/master/assets/images/450.png
451,Skorupi,4,4,7,https://raw.githubusercontent.com/HybridShivam/Pokemon/master/assets/images/451.png
452,Drapion,4,4,17,https://raw.githubusercontent.com/HybridShivam/Pokemon/master/assets/images/452.png
453,Croagunk,4,4,2,https://raw.githubusercontent.com/HybridShivam/Pokemon/master/assets/images/453.png
454,Toxicroak,4,4,2,https://raw.githubusercontent.com/HybridShivam/Pokemon/master/assets/images/454.png
455,Carnivine,4,12,,https://raw.githubusercontent.com/HybridShivam/Pokemon/master/assets/images/455.png
456,Finneon,4,11,,https://raw.githubusercontent.com/HybridShivam/Pokemon/master/assets/images/456.png
457,Lumineon,4,11,,https://raw.githubusercontent.com/HybridShivam/Pokemon/master/assets/images/457.png
458,Mantyke,4,11,3,https://raw.githubusercontent.com/HybridShivam/Pokemon/master/assets/images/458.png
459,Snover,4,12,15,https://raw.githubusercontent.com/HybridShivam/Pokemon/master/assets/images/459.png
460,Abomasnow,4,12,15,https://raw.githubusercontent.com/HybridShivam/Pokemon/master/assets/images/460.png
461,Weavile,4,17,15,https://raw.githubusercontent.com/HybridShivam/Pokemon/master/assets/images/461.png
462,Magnezone,4,13,9,https://raw.githubusercontent.com/HybridShivam/Pokemon/master/assets/images/462.png
463,Lickilicky,4,1,,https://raw.githubusercontent.com/HybridShivam/Pokemon/master/assets/images/463.png
464,Rhyperior,4,5,6,https://raw.githubusercontent.com/HybridShivam/Pokemon/master/assets/images/464.png
465,Tangrowth,4,12,,https://raw.githubusercontent.com/HybridShivam/Pokemon/master/assets/images/465.png
466,Electivire,4,13,,https://raw.githubusercontent.com/HybridShivam/Pokemon/master/assets/images/466.png
467,Magmortar,4,10,,https://raw.githubusercontent.com/HybridShivam/Pokemon/master/assets/images/467.png
468,Togekiss,4,18,3,https://raw.githubusercontent.com/HybridShivam/Pokemon/master/assets/images/468.png
469,Yanmega,4,7,3,https://raw.githubusercontent.com/HybridShivam/Pokemon/master/assets/images/469.png
470,Leafeon,4,12,,https://raw.githubusercontent.com/HybridShivam/Pokemon/master/assets/images/470.png
471,Glaceon,4,15,,https://raw.githubusercontent.com/HybridShivam/Pokemon/master/assets/images/471.png
472,Gliscor,4,5,3,https://raw.githubusercontent.com/HybridShivam/Pokemon/master/assets/images/472.png
473,Mamoswine,4,15,5,https://raw.githubusercontent.com/HybridShivam/Pokemon/master/assets/images/473.png
474,Porygon Z,4,1,,https://raw.githubusercontent.com/HybridShivam/Pokemon/master/assets/images/474.png
475,Gallade,4,14,2,https://raw.githubusercontent.com/HybridShivam/Pokemon/master/assets/images/475.png
476,Probopass,4,6,9,https://raw.githubusercontent.com/HybridShivam/Pokemon/master/assets/images/476.png
477,Dusknoir,4,8,,https://raw.githubusercontent.com/HybridShivam/Pokemon/master/assets/images/477.png
478,Froslass,4,15,8,https://raw.githubusercontent.com/HybridShivam/Pokemon/master/assets/images/478.png
479,Rotom,4,13,8,https://raw.githubusercontent.com/HybridShivam/Pokemon/master/assets/images/479.png
480,Uxie,4,14,,https://raw.githubusercontent.com/HybridShivam/Pokemon/master/assets/images/480.png
481,Mesprit,4,14,,https://raw.githubusercontent.com/HybridShivam/Pokemon/master/assets/images/481.png
482,Azelf,4,14,,https://raw.githubusercontent.com/HybridShivam/Pokemon/master/assets/images/482.png
483,Dialga,4,9,16,https://raw.githubusercontent.com/HybridShivam/Pokemon/master/assets/images/483.png
484,Palkia,4,11,16,https://raw.githubusercontent.com/HybridShivam/Pokemon/master/assets/images/484.png
485,Heatran,4,10,9,https://raw.githubusercontent.com/HybridShivam/Pokemon/master/assets/images/485.png
486,Regigigas,4,1,,https://raw.githubusercontent.com/HybridShivam/Pokemon/master/assets/images/486.png
487,Giratina,4,8,16,https://raw.githubusercontent.com/HybridShivam/Pokemon/master/assets/images/487.png
488,Cresselia,4,14,,https://raw.githubusercontent.com/HybridShivam/Pokemon/master/assets/images/488.png
489,Phione,4,11,,https://raw.githubusercontent.com/HybridShivam/Pokemon/master/assets/images/489.png
490,Manaphy,4,11,,https://raw.githubusercontent.com/HybridShivam/Pokemon/master/assets/images/490.png
491,Darkrai,4,17,,https://raw.githubusercontent.com/HybridShivam/Pokemon/master/assets/images/491.png
492,Shaymin,4,12,,https://raw.githubusercontent.com/HybridShivam/Pokemon/master/assets/images/492.png
493,Arceus,4,1,,https://raw.githubusercontent.com/HybridShivam/Pokemon/master/assets/images/493.png
494,Victini,4,14,10,https://raw.githubusercontent.com/HybridShivam/Pokemon/master/assets/images/494.png
495,Snivy,4,12,,https://raw.githubusercontent.com/HybridShivam/Pokemon/master/assets/images/495.png
496,Servine,4,12,,https://raw.githubusercontent.com/HybridShivam/Pokemon/master/assets/images/496.png
497,Serperior,4,12,,https://raw.githubusercontent.com/HybridShivam/Pokemon/master/assets/images/497.png
498,Tepig,4,10,,https://raw.githubusercontent.com/HybridShivam/Pokemon/master/assets/images/498.png
499,Pignite,4,10,2,https://raw.githubusercontent.com/HybridShivam/Pokemon/master/assets/images/499.png
500,Emboar,4,10,2,https://raw.githubusercontent.com/HybridShivam/Pokemon/master/assets/images/500.png
501,Oshawott,4,11,,https://raw.githubusercontent.com/HybridShivam/Pokemon/master/assets/images/501.png
502,Dewott,4,11,,https://raw.githubusercontent.com/HybridShivam/Pokemon/master/assets/images/502.png
503,Samurott,4,11,,https://raw.githubusercontent.com/HybridShivam/Pokemon/master/assets/images/503.png
504,Patrat,4,1,,https://raw.githubusercontent.com/HybridShivam/Pokemon/master/assets/images/504.png
505,Watchog,4,1,,https://raw.githubusercontent.com/HybridShivam/Pokemon/master/assets/images/505.png
506,Lillipup,4,1,,https://raw.githubusercontent.com/HybridShivam/Pokemon/master/assets/images/506.png
507,Herdier,4,1,,https://raw.githubusercontent.com/HybridShivam/Pokemon/master/assets/images/507.png
508,Stoutland,4,1,,https://raw.githubusercontent.com/HybridShivam/Pokemon/master/assets/images/508.png
509,Purrloin,4,17,,https://raw.githubusercontent.com/HybridShivam/Pokemon/master/assets/images/509.png
510,Liepard,4,17,,https://raw.githubusercontent.com/HybridShivam/Pokemon/master/assets/images/510.png
511,Pansage,4,12,,https://raw.githubusercontent.com/HybridShivam/Pokemon/master/assets/images/511.png
512,Simisage,4,12,,https://raw.githubusercontent.com/HybridShivam/Pokemon/master/assets/images/512.png
513,Pansear,4,10,,https://raw.githubusercontent.com/HybridShivam/Pokemon/master/assets/images/513.png
514,Simisear,4,10,,https://raw.githubusercontent.com/HybridShivam/Pokemon/master/assets/images/514.png
515,Panpour,4,11,,https://raw.githubusercontent.com/HybridShivam/Pokemon/master/assets/images/515.png
516,Simipour,4,11,,https://raw.githubusercontent.com/HybridShivam/Pokemon/master/assets/images/516.png
517,Munna,4,14,,https://raw.githubusercontent.com/HybridShivam/Pokemon/master/assets/images/517.png
518,Musharna,4,14,,https://raw.githubusercontent.com/HybridShivam/Pokemon/master/assets/images/518.png
519,Pidove,4,1,3,https://raw.githubusercontent.com/HybridShivam/Pokemon/master/assets/images/519.png
520,Tranquill,4,1,3,https://raw.githubusercontent.com/HybridShivam/Pokemon/master/assets/images/520.png
521,Unfezant,4,1,3,https://raw.githubusercontent.com/HybridShivam/Pokemon/master/assets/images/521.png
522,Blitzle,4,13,,https://raw.githubusercontent.com/HybridShivam/Pokemon/master/assets/images/522.png
523,Zebstrika,4,13,,https://raw.githubusercontent.com/HybridShivam/Pokemon/master/assets/images/523.png
524,Roggenrola,4,6,,https://raw.githubusercontent.com/HybridShivam/Pokemon/master/assets/images/524.png
525,Boldore,4,6,,https://raw.githubusercontent.com/HybridShivam/Pokemon/master/assets/images/525.png
526,Gigalith,4,6,,https://raw.githubusercontent.com/HybridShivam/Pokemon/master/assets/images/526.png
527,Woobat,4,14,3,https://raw.githubusercontent.com/HybridShivam/Pokemon/master/assets/images/527.png
528,Swoobat,4,14,3,https://raw.githubusercontent.com/HybridShivam/Pokemon/master/assets/images/528.png
529,Drilbur,4,5,,https://raw.githubusercontent.com/HybridShivam/Pokemon/master/assets/images/529.png
530,Excadrill,4,5,9,https://raw.githubusercontent.com/HybridShivam/Pokemon/master/assets/images/530.png
531,Audino,4,1,,https://raw.githubusercontent.com/HybridShivam/Pokemon/master/assets/images/531.png
532,Timburr,4,2,,https://raw.githubusercontent.com/HybridShivam/Pokemon/master/assets/images/532.png
533,Gurdurr,4,2,,https://raw.githubusercontent.com/HybridShivam/Pokemon/master/assets/images/533.png
534,Conkeldurr,4,2,,https://raw.githubusercontent.com/HybridShivam/Pokemon/master/assets/images/534.png
535,Tympole,4,11,,https://raw.githubusercontent.com/HybridShivam/Pokemon/master/assets/images/535.png
536,Palpitoad,4,11,5,https://raw.githubusercontent.com/HybridShivam/Pokemon/master/assets/images/536.png
537,Seismitoad,4,11,5,https://raw.githubusercontent.com/HybridShivam/Pokemon/master/assets/images/537.png
538,Throh,4,2,,https://raw.githubusercontent.com/HybridShivam/Pokemon/master/assets/images/538.png
539,Sawk,4,2,,https://raw.githubusercontent.com/HybridShivam/Pokemon/master/assets/images/539.png
540,Sewaddle,4,7,12,https://raw.githubusercontent.com/HybridShivam/Pokemon/master/assets/images/540.png
541,Swadloon,4,7,12,https://raw.githubusercontent.com/HybridShivam/Pokemon/master/assets/images/541.png
542,Leavanny,4,7,12,https://raw.githubusercontent.com/HybridShivam/Pokemon/master/assets/images/542.png
543,Venipede,4,7,4,https://raw.githubusercontent.com/HybridShivam/Pokemon/master/assets/images/543.png
544,Whirlipede,4,7,4,https://raw.githubusercontent.com/HybridShivam/Pokemon/master/assets/images/544.png
545,Scolipede,4,7,4,https://raw.githubusercontent.com/HybridShivam/Pokemon/master/assets/images/545.png
546,Cottonee,4,12,18,https://raw.githubusercontent.com/HybridShivam/Pokemon/master/assets/images/546.png
547,Whimsicott,4,12,18,https://raw.githubusercontent.com/HybridShivam/Pokemon/master/assets/images/547.png
548,Petilil,4,12,,https://raw.githubusercontent.com/HybridShivam/Pokemon/master/assets/images/548.png
549,Lilligant,4,12,,https://raw.githubusercontent.com/HybridShivam/Pokemon/master/assets/images/549.png
550,Basculin,4,11,,https://raw.githubusercontent.com/HybridShivam/Pokemon/master/assets/images/550.png
551,Sandile,4,5,17,https://raw.githubusercontent.com/HybridShivam/Pokemon/master/assets/images/551.png
552,Krokorok,4,5,17,https://raw.githubusercontent.com/HybridShivam/Pokemon/master/assets/images/552.png
553,Krookodile,4,5,17,https://raw.githubusercontent.com/HybridShivam/Pokemon/master/assets/images/553.png
554,Darumaka,4,10,,https://raw.githubusercontent.com/HybridShivam/Pokemon/master/assets/images/554.png
555,Darmanitan,4,10,,https://raw.githubusercontent.com/HybridShivam/Pokemon/master/assets/images/555.png
556,Maractus,4,12,,https://raw.githubusercontent.com/HybridShivam/Pokemon/master/assets/images/556.png
557,Dwebble,4,7,6,https://raw.githubusercontent.com/HybridShivam/Pokemon/master/assets/images/557.png
558,Crustle,4,7,6,https://raw.githubusercontent.com/HybridShivam/Pokemon/master/assets/images/558.png
559,Scraggy,4,17,2,https://raw.githubusercontent.com/HybridShivam/Pokemon/master/assets/images/559.png
560,Scrafty,4,17,2,https://raw.githubusercontent.com/HybridShivam/Pokemon/master/assets/images/560.png
561,Sigilyph,4,14,3,https://raw.githubusercontent.com/HybridShivam/Pokemon/master/assets/images/561.png
562,Yamask,4,8,,https://raw.githubusercontent.com/HybridShivam/Pokemon/master/assets/images/562.png
563,Cofagrigus,4,8,,https://raw.githubusercontent.com/HybridShivam/Pokemon/master/assets/images/563.png
564,Tirtouga,4,11,6,https://raw.githubusercontent.com/HybridShivam/Pokemon/master/assets/images/564.png
565,Carracosta,4,11,6,https://raw.githubusercontent.com/HybridShivam/Pokemon/master/assets/images/565.png
566,Archen,4,6,3,https://raw.githubusercontent.com/HybridShivam/Pokemon/master/assets/images/566.png
567,Archeops,4,6,3,https://raw.githubusercontent.com/HybridShivam/Pokemon/master/assets/images/567.png
568,Trubbish,4,4,,https://raw.githubusercontent.com/HybridShivam/Pokemon/master/assets/images/568.png
569,Garbodor,4,4,,https://raw.githubusercontent.com/HybridShivam/Pokemon/master/assets/images/569.png
570,Zorua,4,17,,https://raw.githubusercontent.com/HybridShivam/Pokemon/master/assets/images/570.png
571,Zoroark,4,17,,https://raw.githubusercontent.com/HybridShivam/Pokemon/master/assets/images/571.png
572,Minccino,4,1,,https://raw.githubusercontent.com/HybridShivam/Pokemon/master/assets/images/572.png
573,Cinccino,4,1,,https://raw.githubusercontent.com/HybridShivam/Pokemon/master/assets/images/573.png
574,Gothita,4,14,,https://raw.githubusercontent.com/HybridShivam/Pokemon/master/assets/images/574.png
575,Gothorita,4,14,,https://raw.githubusercontent.com/HybridShivam/Pokemon/master/assets/images/575.png
576,Gothitelle,4,14,,https://raw.githubusercontent.com/HybridShivam/Pokemon/master/assets/images/576.png
577,Solosis,4,14,,https://raw.githubusercontent.com/HybridShivam/Pokemon/master/assets/images/577.png
578,Duosion,4,14,,https://raw.githubusercontent.com/HybridShivam/Pokemon/master/assets/images/578.png
579,Reuniclus,4,14,,https://raw.githubusercontent.com/HybridShivam/Pokemon/master/assets/images/579.png
580,Ducklett,4,11,3,https://raw.githubusercontent.com/HybridShivam/Pokemon/master/assets/images/580.png
581,Swanna,4,11,3,https://raw.githubusercontent.com/HybridShivam/Pokemon/master/assets/images/581.png
582,Vanillite,4,15,,https://raw.githubusercontent.com/HybridShivam/Pokemon/master/assets/images/582.png
583,Vanillish,4,15,,https://raw.githubusercontent.com/HybridShivam/Pokemon/master/assets/images/583.png
584,Vanilluxe,4,15,,https://raw.githubusercontent.com/HybridShivam/Pokemon/master/assets/images/584.png
585,Deerling,4,1,12,https://raw.githubusercontent.com/HybridShivam/Pokemon/master/assets/images/585.png
586,Sawsbuck,4,1,12,https://raw.githubusercontent.com/HybridShivam/Pokemon/master/assets/images/586.png
587,Emolga,4,13,3,https://raw.githubusercontent.com/HybridShivam/Pokemon/master/assets/images/587.png
588,Karrablast,4,7,,https://raw.githubusercontent.com/HybridShivam/Pokemon/master/assets/images/588.png
589,Escavalier,4,7,9,https://raw.githubusercontent.com/HybridShivam/Pokemon/master/assets/images/589.png
590,Foongus,4,12,4,https://raw.githubusercontent.com/HybridShivam/Pokemon/master/assets/images/590.png
591,Amoonguss,4,12,4,https://raw.githubusercontent.com/HybridShivam/Pokemon/master/assets/images/591.png
592,Frillish,4,11,8,https://raw.githubusercontent.com/HybridShivam/Pokemon/master/assets/images/592.png
593,Jellicent,4,11,8,https://raw.githubusercontent.com/HybridShivam/Pokemon/master/assets/images/593.png
594,Alomomola,4,11,,https://raw.githubusercontent.com/HybridShivam/Pokemon/master/assets/images/594.png
595,Joltik,4,7,13,https://raw.githubusercontent.com/HybridShivam/Pokemon/master/assets/images/595.png
596,Galvantula,4,7,13,https://raw.githubusercontent.com/HybridShivam/Pokemon/master/assets/images/596.png
597,Ferroseed,4,12,9,https://raw.githubusercontent.com/HybridShivam/Pokemon/master/assets/images/597.png
598,Ferrothorn,4,12,9,https://raw.githubusercontent.com/HybridShivam/Pokemon/master/assets/images/598.png
599,Klink,4,9,,https://raw.githubusercontent.com/HybridShivam/Pokemon/master/assets/images/599.png
600,Klang,4,9,,https://raw.githubusercontent.com/HybridShivam/Pokemon/master/assets/images/600.png
601,Klinklang,4,9,,https://raw.githubusercontent.com/HybridShivam/Pokemon/master/assets/images/601.png
602,Tynamo,4,13,,https://raw.githubusercontent.com/HybridShivam/Pokemon/master/assets/images/602.png
603,Eelektrik,4,13,,https://raw.githubusercontent.com/HybridShivam/Pokemon/master/assets/images/603.png
604,Eelektross,4,13,,https://raw.githubusercontent.com/HybridShivam/Pokemon/master/assets/images/604.png
605,Elgyem,4,14,,https://raw.githubusercontent.com/HybridShivam/Pokemon/master/assets/images/605.png
606,Beheeyem,4,14,,https://raw.githubusercontent.com/HybridShivam/Pokemon/master/assets/images/606.png
607,Litwick,4,8,10,https://raw.githubusercontent.com/HybridShivam/Pokemon/master/assets/images/607.png
608,Lampent,4,8,10,https://raw.githubusercontent.com/HybridShivam/Pokemon/master/assets/images/608.png
609,Chandelure,4,8,10,https://raw.githubusercontent.com/HybridShivam/Pokemon/master/assets/images/609.png
610,Axew,4,16,,https://raw.githubusercontent.com/HybridShivam/Pokemon/master/assets/images/610.png
611,Fraxure,4,16,,https://raw.githubusercontent.com/HybridShivam/Pokemon/master/assets/images/611.png
612,Haxorus,4,16,,https://raw.githubusercontent.com/HybridShivam/Pokemon/master/assets/images/612.png
613,Cubchoo,4,15,,https://raw.githubusercontent.com/HybridShivam/Pokemon/master/assets/images/613.png
614,Beartic,4,15,,https://raw.githubusercontent.com/HybridShivam/Pokemon/master/assets/images/614.png
615,Cryogonal,4,15,,https://raw.githubusercontent.com/HybridShivam/Pokemon/master/assets/images/615.png
616,Shelmet,4,7,,https://raw.githubusercontent.com/HybridShivam/Pokemon/master/assets/images/616.png
617,Accelgor,4,7,,https://raw.githubusercontent.com/HybridShivam/Pokemon/master/assets/images/617.png
618,Stunfisk,4,5,13,https://raw.githubusercontent.com/HybridShivam/Pokemon/master/assets/images/618.png
619,Mienfoo,4,2,,https://raw.githubusercontent.com/HybridShivam/Pokemon/master/assets/images/619.png
620,Mienshao,4,2,,https://raw.githubusercontent.com/HybridShivam/Pokemon/master/assets/images/620.png
621,Druddigon,4,16,,https://raw.githubusercontent.com/HybridShivam/Pokemon/master/assets/images/621.png
622,Golett,4,5,8,https://raw.githubusercontent.com/HybridShivam/Pokemon/master/assets/images/622.png
623,Golurk,4,5,8,https://raw.githubusercontent.com/HybridShivam/Pokemon/master/assets/images/623.png
624,Pawniard,4,17,9,https://raw.githubusercontent.com/HybridShivam/Pokemon/master/assets/images/624.png
625,Bisharp,4,17,9,https://raw.githubusercontent.com/HybridShivam/Pokemon/master/assets/images/625.png
626,Bouffalant,4,1,,https://raw.githubusercontent.com/HybridShivam/Pokemon/master/assets/images/626.png
627,Rufflet,4,1,3,https://raw.githubusercontent.com/HybridShivam/Pokemon/master/assets/images/627.png
628,Braviary,4,1,3,https://raw.githubusercontent.com/HybridShivam/Pokemon/master/assets/images/628.png
629,Vullaby,4,17,3,https://raw.githubusercontent.com/HybridShivam/Pokemon/master/assets/images/629.png
630,Mandibuzz,4,17,3,https://raw.githubusercontent.com/HybridShivam/Pokemon/master/assets/images/630.png
631,Heatmor,4,10,,https://raw.githubusercontent.com/HybridShivam/Pokemon/master/assets/images/631.png
632,Durant,4,7,9,https://raw.githubusercontent.com/HybridShivam/Pokemon/master/assets/images/632.png
633,Deino,4,17,16,https://raw.githubusercontent.com/HybridShivam/Pokemon/master/assets/images/633.png
634,Zweilous,4,17,16,https://raw.githubusercontent.com/HybridShivam/Pokemon/master/assets/images/634.png
635,Hydreigon,4,17,16,https://raw.githubusercontent.com/HybridShivam/Pokemon/master/assets/images/635.png
636,Larvesta,4,7,10,https://raw.githubusercontent.com/HybridShivam/Pokemon/master/assets/images/636.png
637,Volcarona,4,7,10,https://raw.githubusercontent.com/HybridShivam/Pokemon/master/assets/images/637.png
638,Cobalion,4,9,2,https://raw.githubusercontent.com/HybridShivam/Pokemon/master/assets/images/638.png
639,Terrakion,4,6,2,https://raw.githubusercontent.com/HybridShivam/Pokemon/master/assets/images/639.png
640,Virizion,4,12,2,https://raw.githubusercontent.com/HybridShivam/Pokemon/master/assets/images/640.png
641,Tornadus,4,3,,https://raw.githubusercontent.com/HybridShivam/Pokemon/master/assets/images/641.png
642,Thundurus,4,13,3,https://raw.githubusercontent.com/HybridShivam/Pokemon/master/assets/images/642.png
643,Reshiram,4,16,10,https://raw.githubusercontent.com/HybridShivam/Pokemon/master/assets/images/643.png
644,Zekrom,4,16,13,https://raw.githubusercontent.com/HybridShivam/Pokemon/master/assets/images/644.png
645,Landorus,4,5,3,https://raw.githubusercontent.com/HybridShivam/Pokemon/master/assets/images/645.png
646,Kyurem,4,16,15,https://raw.githubusercontent.com/HybridShivam/Pokemon/master/assets/images/646.png
647,Keldeo,4,11,2,https://raw.githubusercontent.com/HybridShivam/Pokemon/master/assets/images/647.png
648,Meloetta,4,1,14,https://raw.githubusercontent.com/HybridShivam/Pokemon/master/assets/images/648.png
649,Genesect,4,7,9,https://raw.githubusercontent.com/HybridShivam/Pokemon/master/assets/images/649.png
650,Chespin,4,12,,https://raw.githubusercontent.com/HybridShivam/Pokemon/master/assets/images/650.png
651,Quilladin,4,12,,https://raw.githubusercontent.com/HybridShivam/Pokemon/master/assets/images/651.png
652,Chesnaught,4,12,2,https://raw.githubusercontent.com/HybridShivam/Pokemon/master/assets/images/652.png
653,Fennekin,4,10,,https://raw.githubusercontent.com/HybridShivam/Pokemon/master/assets/images/653.png
654,Braixen,4,10,,https://raw.githubusercontent.com/HybridShivam/Pokemon/master/assets/images/654.png
655,Delphox,4,10,14,https://raw.githubusercontent.com/HybridShivam/Pokemon/master/assets/images/655.png
656,Froakie,4,11,,https://raw.githubusercontent.com/HybridShivam/Pokemon/master/assets/images/656.png
657,Frogadier,4,11,,https://raw.githubusercontent.com/HybridShivam/Pokemon/master/assets/images/657.png
658,Greninja,4,11,17,https://raw.githubusercontent.com/HybridShivam/Pokemon/master/assets/images/658.png
659,Bunnelby,4,1,,https://raw.githubusercontent.com/HybridShivam/Pokemon/master/assets/images/659.png
660,Diggersby,4,1,5,https://raw.githubusercontent.com/HybridShivam/Pokemon/master/assets/images/660.png
661,Fletchling,4,1,3,https://raw.githubusercontent.com/HybridShivam/Pokemon/master/assets/images/661.png
662,Fletchinder,4,10,3,https://raw.githubusercontent.com/HybridShivam/Pokemon/master/assets/images/662.png
663,Talonflame,4,10,3,https://raw.githubusercontent.com/HybridShivam/Pokemon/master/assets/images/663.png
664,Scatterbug,4,7,,https://raw.githubusercontent.com/HybridShivam/Pokemon/master/assets/images/664.png
665,Spewpa,4,7,,https://raw.githubusercontent.com/HybridShivam/Pokemon/master/assets/images/665.png
666,Vivillon,4,7,3,https://raw.githubusercontent.com/HybridShivam/Pokemon/master/assets/images/666.png
667,Litleo,4,10,1,https://raw.githubusercontent.com/HybridShivam/Pokemon/master/assets/images/667.png
668,Pyroar,4,10,1,https://raw.githubusercontent.com/HybridShivam/Pokemon/master/assets/images/668.png
669,Flabebe,4,18,,https://raw.githubusercontent.com/HybridShivam/Pokemon/master/assets/images/669.png
670,Floette,4,18,,https://raw.githubusercontent.com/HybridShivam/Pokemon/master/assets/images/670.png
671,Florges,4,18,,https://raw.githubusercontent.com/HybridShivam/Pokemon/master/assets/images/671.png
672,Skiddo,4,12,,https://raw.githubusercontent.com/HybridShivam/Pokemon/master/assets/images/672.png
673,Gogoat,4,12,,https://raw.githubusercontent.com/HybridShivam/Pokemon/master/assets/images/673.png
674,Pancham,4,2,,https://raw.githubusercontent.com/HybridShivam/Pokemon/master/assets/images/674.png
675,Pangoro,4,2,17,https://raw.githubusercontent.com/HybridShivam/Pokemon/master/assets/images/675.png
676,Furfrou,4,1,,https://raw.githubusercontent.com/HybridShivam/Pokemon/master/assets/images/676.png
677,Espurr,4,14,,https://raw.githubusercontent.com/HybridShivam/Pokemon/master/assets/images/677.png
678,Meowstic,4,14,,https://raw.githubusercontent.com/HybridShivam/Pokemon/master/assets/images/678.png
679,Honedge,4,9,8,https://raw.githubusercontent.com/HybridShivam/Pokemon/master/assets/images/679.png
680,Doublade,4,9,8,https://raw.githubusercontent.com/HybridShivam/Pokemon/master/assets/images/680.png
681,Aegislash,4,9,8,https://raw.githubusercontent.com/HybridShivam/Pokemon/master/assets/images/681.png
682,Spritzee,4,18,,https://raw.githubusercontent.com/HybridShivam/Pokemon/master/assets/images/682.png
683,Aromatisse,4,18,,https://raw.githubusercontent.com/HybridShivam/Pokemon/master/assets/images/683.png
684,Swirlix,4,18,,https://raw.githubusercontent.com/HybridShivam/Pokemon/master/assets/images/684.png
685,Slurpuff,4,18,,https://raw.githubusercontent.com/HybridShivam/Pokemon/master/assets/images/685.png
686,Inkay,4,17,14,https://raw.githubusercontent.com/HybridShivam/Pokemon/master/assets/images/686.png
687,Malamar,4,17,14,https://raw.githubusercontent.com/HybridShivam/Pokemon/master/assets/images/687.png
688,Binacle,4,6,11,https://raw.githubusercontent.com/HybridShivam/Pokemon/master/assets/images/688.png
689,Barbaracle,4,6,11,https://raw.githubusercontent.com/HybridShivam/Pokemon/master/assets/images/689.png
690,Skrelp,4,4,11,https://raw.githubusercontent.com/HybridShivam/Pokemon/master/assets/images/690.png
691,Dragalge,4,4,16,https://raw.githubusercontent.com/HybridShivam/Pokemon/master/assets/images/691.png
692,Clauncher,4,11,,https://raw.githubusercontent.com/HybridShivam/Pokemon/master/assets/images/692.png
693,Clawitzer,4,11,,https://raw.githubusercontent.com/HybridShivam/Pokemon/master/assets/images/693.png
694,Helioptile,4,13,1,https://raw.githubusercontent.com/HybridShivam/Pokemon/master/assets/images/694.png
695,Heliolisk,4,13,1,https://raw.githubusercontent.com/HybridShivam/Pokemon/master/assets/images/695.png
696,Tyrunt,4,6,16,https://raw.githubusercontent.com/HybridShivam/Pokemon/master/assets/images/696.png
697,Tyrantrum,4,6,16,https://raw.githubusercontent.com/HybridShivam/Pokemon/master/assets/images/697.png
698,Amaura,4,6,15,https://raw.githubusercontent.com/HybridShivam/Pokemon/master/assets/images/698.png
699,Aurorus,4,6,15,https://raw.githubusercontent.com/HybridShivam/Pokemon/master/assets/images/699.png
700,Sylveon,4,18,,https://raw.githubusercontent.com/HybridShivam/Pokemon/master/assets/images/700.png
701,Hawlucha,4,2,3,https://raw.githubusercontent.com/HybridShivam/Pokemon/master/assets/images/701.png
702,Dedenne,4,13,18,https://raw.githubusercontent.com/HybridShivam/Pokemon/master/assets/images/702.png
703,Carbink,4,6,18,https://raw.githubusercontent.com/HybridShivam/Pokemon/master/assets/images/703.png
704,Goomy,4,16,,https://raw.githubusercontent.com/HybridShivam/Pokemon/master/assets/images/704.png
705,Sliggoo,4,16,,https://raw.githubusercontent.com/HybridShivam/Pokemon/master/assets/images/705.png
706,Goodra,4,16,,https://raw.githubusercontent.com/HybridShivam/Pokemon/master/assets/images/706.png
707,Klefki,4,9,18,https://raw.githubusercontent.com/HybridShivam/Pokemon/master/assets/images/707.png
708,Phantump,4,8,12,https://raw.githubusercontent.com/HybridShivam/Pokemon/master/assets/images/708.png
709,Trevenant,4,8,12,https://raw.githubusercontent.com/HybridShivam/Pokemon/master/assets/images/709.png
710,Pumpkaboo,4,8,12,https://raw.githubusercontent.com/HybridShivam/Pokemon/master/assets/images/710.png
711,Gourgeist,4,8,12,https://raw.githubusercontent.com/HybridShivam/Pokemon/master/assets/images/711.png
712,Bergmite,4,15,,https://raw.githubusercontent.com/HybridShivam/Pokemon/master/assets/images/712.png
713,Avalugg,4,15,,https://raw.githubusercontent.com/HybridShivam/Pokemon/master/assets/images/713.png
714,Noibat,4,3,16,https://raw.githubusercontent.com/HybridShivam/Pokemon/master/assets/images/714.png
715,Noivern,4,3,16,https://raw.githubusercontent.com/HybridShivam/Pokemon/master/assets/images/715.png
716,Xerneas,4,18,,https://raw.githubusercontent.com/HybridShivam/Pokemon/master/assets/images/716.png
717,Yveltal,4,17,3,https://raw.githubusercontent.com/HybridShivam/Pokemon/master/assets/images/717.png
718,Zygarde,4,16,5,https://raw.githubusercontent.com/HybridShivam/Pokemon/master/assets/images/718.png
719,Diancie,4,6,18,https://raw.githubusercontent.com/HybridShivam/Pokemon/master/assets/images/719.png
720,Hoopa,4,14,8,https://raw.githubusercontent.com/HybridShivam/Pokemon/master/assets/images/720.png
721,Volcanion,4,10,11,https://raw.githubusercontent.com/HybridShivam/Pokemon/master/assets/images/721.png
722,Rowlet,4,12,3,https://raw.githubusercontent.com/HybridShivam/Pokemon/master/assets/images/722.png
723,Dartrix,4,12,3,https://raw.githubusercontent.com/HybridShivam/Pokemon/master/assets/images/723.png
724,Decidueye,4,12,8,https://raw.githubusercontent.com/HybridShivam/Pokemon/master/assets/images/724.png
725,Litten,4,10,,https://raw.githubusercontent.com/HybridShivam/Pokemon/master/assets/images/725.png
726,Torracat,4,10,,https://raw.githubusercontent.com/HybridShivam/Pokemon/master/assets/images/726.png
727,Incineroar,4,10,17,https://raw.githubusercontent.com/HybridShivam/Pokemon/master/assets/images/727.png
728,Popplio,4,11,,https://raw.githubusercontent.com/HybridShivam/Pokemon/master/assets/images/728.png
729,Brionne,4,11,,https://raw.githubusercontent.com/HybridShivam/Pokemon/master/assets/images/729.png
730,Primarina,4,11,18,https://raw.githubusercontent.com/HybridShivam/Pokemon/master/assets/images/730.png
731,Pikipek,4,1,3,https://raw.githubusercontent.com/HybridShivam/Pokemon/master/assets/images/731.png
732,Trumbeak,4,1,3,https://raw.githubusercontent.com/HybridShivam/Pokemon/master/assets/images/732.png
733,Toucannon,4,1,3,https://raw.githubusercontent.com/HybridShivam/Pokemon/master/assets/images/733.png
734,Yungoos,4,1,,https://raw.githubusercontent.com/HybridShivam/Pokemon/master/assets/images/734.png
735,Gumshoos,4,1,,https://raw.githubusercontent.com/HybridShivam/Pokemon/master/assets/images/735.png
736,Grubbin,4,7,,https://raw.githubusercontent.com/HybridShivam/Pokemon/master/assets/images/736.png
737,Charjabug,4,7,13,https://raw.githubusercontent.com/HybridShivam/Pokemon/master/assets/images/737.png
738,Vikavolt,4,7,13,https://raw.githubusercontent.com/HybridShivam/Pokemon/master/assets/images/738.png
739,Crabrawler,4,2,,https://raw.githubusercontent.com/HybridShivam/Pokemon/master/assets/images/739.png
740,Crabominable,4,2,15,https://raw.githubusercontent.com/HybridShivam/Pokemon/master/assets/images/740.png
741,Oricorio,4,10,3,https://raw.githubusercontent.com/HybridShivam/Pokemon/master/assets/images/741.png
742,Cutiefly,4,7,18,https://raw.githubusercontent.com/HybridShivam/Pokemon/master/assets/images/742.png
743,Ribombee,4,7,18,https://raw.githubusercontent.com/HybridShivam/Pokemon/master/assets/images/743.png
744,Rockruff,4,6,,https://raw.githubusercontent.com/HybridShivam/Pokemon/master/assets/images/744.png
745,Lycanroc,4,6,,https://raw.githubusercontent.com/HybridShivam/Pokemon/master/assets/images/745.png
746,Wishiwashi,4,11,,https://raw.githubusercontent.com/HybridShivam/Pokemon/master/assets/images/746.png
747,Mareanie,4,4,11,https://raw.githubusercontent.com/HybridShivam/Pokemon/master/assets/images/747.png
748,Toxapex,4,4,11,https://raw.githubusercontent.com/HybridShivam/Pokemon/master/assets/images/748.png
749,Mudbray,4,5,,https://raw.githubusercontent.com/HybridShivam/Pokemon/master/assets/images/749.png
750,Mudsdale,4,5,,https://raw.githubusercontent.com/HybridShivam/Pokemon/master/assets/images/750.png
751,Dewpider,4,11,7,https://raw.githubusercontent.com/HybridShivam/Pokemon/master/assets/images/751.png
752,Araquanid,4,11,7,https://raw.githubusercontent.com/HybridShivam/Pokemon/master/assets/images/752.png
753,Fomantis,4,12,,https://raw.githubusercontent.com/HybridShivam/Pokemon/master/assets/images/753.png
754,Lurantis,4,12,,https://raw.githubusercontent.com/HybridShivam/Pokemon/master/assets/images/754.png
755,Morelull,4,12,18,https://raw.githubusercontent.com/HybridShivam/Pokemon/master/assets/images/755.png
756,Shiinotic,4,12,18,https://raw.githubusercontent.com/HybridShivam/Pokemon/master/assets/images/756.png
757,Salandit,4,4,10,https://raw.githubusercontent.com/HybridShivam/Pokemon/master/assets/images/757.png
758,Salazzle,4,4,10,https://raw.githubusercontent.com/HybridShivam/Pokemon/master/assets/images/758.png
759,Stufful,4,1,2,https://raw.githubusercontent.com/HybridShivam/Pokemon/master/assets/images/759.png
760,Bewear,4,1,2,https://raw.githubusercontent.com/HybridShivam/Pokemon/master/assets/images/760.png
761,Bounsweet,4,12,,https://raw.githubusercontent.com/HybridShivam/Pokemon/master/assets/images/761.png
762,Steenee,4,12,,https://raw.githubusercontent.com/HybridShivam/Pokemon/master/assets/images/762.png
763,Tsareena,4,12,,https://raw.githubusercontent.com/HybridShivam/Pokemon/master/assets/images/763.png
764,Comfey,4,18,,https://raw.githubusercontent.com/HybridShivam/Pokemon/master/assets/images/764.png
765,Oranguru,4,1,14,https://raw.githubusercontent.com/HybridShivam/Pokemon/master/assets/images/765.png
766,Passimian,4,2,,https://raw.githubusercontent.com/HybridShivam/Pokemon/master/assets/images/766.png
767,Wimpod,4,7,11,https://raw.githubusercontent.com/HybridShivam/Pokemon/master/assets/images/767.png
768,Golisopod,4,7,11,https://raw.githubusercontent.com/HybridShivam/Pokemon/master/assets/images/768.png
769,Sandygast,4,8,5,https://raw.githubusercontent.com/HybridShivam/Pokemon/master/assets/images/769.png
770,Palossand,4,8,5,https://raw.githubusercontent.com/HybridShivam/Pokemon/master/assets/images/770.png
771,Pyukumuku,4,11,,https://raw.githubusercontent.com/HybridShivam/Pokemon/master/assets/images/771.png
772,Type Null,4,1,,https://raw.githubusercontent.com/HybridShivam/Pokemon/master/assets/images/772.png
773,Silvally,4,1,,https://raw.githubusercontent.com/HybridShivam/Pokemon/master/assets/images/773.png
774,Minior,4,6,3,https://raw.githubusercontent.com/HybridShivam/Pokemon/master/assets/images/774.png
775,Komala,4,1,,https://raw.githubusercontent.com/HybridShivam/Pokemon/master/assets/images/775.png
776,Turtonator,4,10,16,https://raw.githubusercontent.com/HybridShivam/Pokemon/master/assets/images/776.png
777,Togedemaru,4,13,9,https://raw.githubusercontent.com/HybridShivam/Pokemon/master/assets/images/777.png
778,Mimikyu,4,8,18,https://raw.githubusercontent.com/HybridShivam/Pokemon/master/assets/images/778.png
779,Bruxish,4,11,14,https://raw.githubusercontent.com/HybridShivam/Pokemon/master/assets/images/779.png
780,Drampa,4,1,16,https://raw.githubusercontent.com/HybridShivam/Pokemon/master/assets/images/780.png
781,Dhelmise,4,8,12,https://raw.githubusercontent.com/HybridShivam/Pokemon/master/assets/images/781.png
782,Jangmo O,4,16,,https://raw.githubusercontent.com/HybridShivam/Pokemon/master/assets/images/782.png
783,Hakamo O,4,16,2,https://raw.githubusercontent.com/HybridShivam/Pokemon/master/assets/images/783.png
784,Kommo O,4,16,2,https://raw.githubusercontent.com/HybridShivam/Pokemon/master/assets/images/784.png
785,Tapu Koko,4,13,18,https://raw.githubusercontent.com/HybridShivam/Pokemon/master/assets/images/785.png
786,Tapu Lele,4,14,18,https://raw.githubusercontent.com/HybridShivam/Pokemon/master/assets/images/786.png
787,Tapu Bulu,4,12,18,https://raw.githubusercontent.com/HybridShivam/Pokemon/master/assets/images/787.png
788,Tapu Fini,4,11,18,https://raw.githubusercontent.com/HybridShivam/Pokemon/master/assets/images/788.png
789,Cosmog,4,14,,https://raw.githubusercontent.com/HybridShivam/Pokemon/master/assets/images/789.png
790,Cosmoem,4,14,,https://raw.githubusercontent.com/HybridShivam/Pokemon/master/assets/images/790.png
791,Solgaleo,4,14,9,https://raw.githubusercontent.com/HybridShivam/Pokemon/master/assets/images/791.png
792,Lunala,4,14,8,https://raw.githubusercontent.com/HybridShivam/Pokemon/master/assets/images/792.png
793,Nihilego,4,6,4,https://raw.githubusercontent.com/HybridShivam/Pokemon/master/assets/images/793.png
794,Buzzwole,4,7,2,https://raw.githubusercontent.com/HybridShivam/Pokemon/master/assets/images/794.png
795,Pheromosa,4,7,2,https://raw.githubusercontent.com/HybridShivam/Pokemon/master/assets/images/795.png
796,Xurkitree,4,13,,https://raw.githubusercontent.com/HybridShivam/Pokemon/master/assets/images/796.png
797,Celesteela,4,9,3,https://raw.githubusercontent.com/HybridShivam/Pokemon/master/assets/images/797.png
798,Kartana,4,12,9,https://raw.githubusercontent.com/HybridShivam/Pokemon/master/assets/images/798.png
799,Guzzlord,4,17,16,https://raw.githubusercontent.com/HybridShivam/Pokemon/master/assets/images/799.png
800,Necrozma,4,14,,https://raw.githubusercontent.com/HybridShivam/Pokemon/master/assets/images/800.png
801,Magearna,4,9,18,https://raw.githubusercontent.com/HybridShivam/Pokemon/master/assets/images/801.png
802,Marshadow,4,2,8,https://raw.githubusercontent.com/HybridShivam/Pokemon/master/assets/images/802.png
803,Poipole,4,4,,https://raw.githubusercontent.com/HybridShivam/Pokemon/master/assets/images/803.png
804,Naganadel,4,4,16,https://raw.githubusercontent.com/HybridShivam/Pokemon/master/assets/images/804.png
805,Stakataka,4,6,9,https://raw.githubusercontent.com/HybridShivam/Pokemon/master/assets/images/805.png
806,Blacephalon,4,10,8,https://raw.githubusercontent.com/HybridShivam/Pokemon/master/assets/images/806.png
807,Zeraora,4,13,,https://raw.githubusercontent.com/HybridShivam/Pokemon/master/assets/images/807.png
808,Meltan,4,9,,https://raw.githubusercontent.com/HybridShivam/Pokemon/master/assets/images/808.png
809,Melmetal,4,9,,https://raw.githubusercontent.com/HybridShivam/Pokemon/master/assets/images/809.png
810,Grookey,4,12,,https://raw.githubusercontent.com/HybridShivam/Pokemon/master/assets/images/810.png
811,Thwackey,4,12,,https://raw.githubusercontent.com/HybridShivam/Pokemon/master/assets/images/811.png
812,Rillaboom,4,12,,https://raw.githubusercontent.com/HybridShivam/Pokemon/master/assets/images/812.png
813,Scorbunny,4,10,,https://raw.githubusercontent.com/HybridShivam/Pokemon/master/assets/images/813.png
814,Raboot,4,10,,https://raw.githubusercontent.com/HybridShivam/Pokemon/master/assets/images/814.png
815,Cinderace,4,10,,https://raw.githubusercontent.com/HybridShivam/Pokemon/master/assets/images/815.png
816,Sobble,4,11,,https://raw.githubusercontent.com/HybridShivam/Pokemon/master/assets/images/816.png
817,Drizzile,4,11,,https://raw.githubusercontent.com/HybridShivam/Pokemon/master/assets/images/817.png
818,Inteleon,4,11,,https://raw.githubusercontent.com/HybridShivam/Pokemon/master/assets/images/818.png
819,Skwovet,4,1,,https://raw.githubusercontent.com/HybridShivam/Pokemon/master/assets/images/819.png
820,Greedent,4,1,,https://raw.githubusercontent.com/HybridShivam/Pokemon/master/assets/images/820.png
821,Rookidee,4,3,,https://raw.githubusercontent.com/HybridShivam/Pokemon/master/assets/images/821.png
822,Corvisquire,4,3,,https://raw.githubusercontent.com/HybridShivam/Pokemon/master/assets/images/822.png
823,Corviknight,4,3,9,https://raw.githubusercontent.com/HybridShivam/Pokemon/master/assets/images/823.png
824,Blipbug,4,7,,https://raw.githubusercontent.com/HybridShivam/Pokemon/master/assets/images/824.png
825,Dottler,4,7,14,https://raw.githubusercontent.com/HybridShivam/Pokemon/master/assets/images/825.png
826,Orbeetle,4,7,14,https://raw.githubusercontent.com/HybridShivam/Pokemon/master/assets/images/826.png
827,Nickit,4,17,,https://raw.githubusercontent.com/HybridShivam/Pokemon/master/assets/images/827.png
828,Thievul,4,17,,https://raw.githubusercontent.com/HybridShivam/Pokemon/master/assets/images/828.png
829,Gossifleur,4,12,,https://raw.githubusercontent.com/HybridShivam/Pokemon/master/assets/images/829.png
830,Eldegoss,4,12,,https://raw.githubusercontent.com/HybridShivam/Pokemon/master/assets/images/830.png
831,Wooloo,4,1,,https://raw.githubusercontent.com/HybridShivam/Pokemon/master/assets/images/831.png
832,Dubwool,4,1,,https://raw.githubusercontent.com/HybridShivam/Pokemon/master/assets/images/832.png
833,Chewtle,4,11,,https://raw.githubusercontent.com/HybridShivam/Pokemon/master/assets/images/833.png
834,Drednaw,4,11,6,https://raw.githubusercontent.com/HybridShivam/Pokemon/master/assets/images/834.png
835,Yamper,4,13,,https://raw.githubusercontent.com/HybridShivam/Pokemon/master/assets/images/835.png
836,Boltund,4,13,,https://raw.githubusercontent.com/HybridShivam/Pokemon/master/assets/images/836.png
837,Rolycoly,4,6,,https://raw.githubusercontent.com/HybridShivam/Pokemon/master/assets/images/837.png
838,Carkol,4,6,10,https://raw.githubusercontent.com/HybridShivam/Pokemon/master/assets/images/838.png
839,Coalossal,4,6,10,https://raw.githubusercontent.com/HybridShivam/Pokemon/master/assets/images/839.png
840,Applin,4,12,16,https://raw.githubusercontent.com/HybridShivam/Pokemon/master/assets/images/840.png
841,Flapple,4,12,16,https://raw.githubusercontent.com/HybridShivam/Pokemon/master/assets/images/841.png
842,Appletun,4,12,16,https://raw.githubusercontent.com/HybridShivam/Pokemon/master/assets/images/842.png
843,Silicobra,4,5,,https://raw.githubusercontent.com/HybridShivam/Pokemon/master/assets/images/843.png
844,Sandaconda,4,5,,https://raw.githubusercontent.com/HybridShivam/Pokemon/master/assets/images/844.png
845,Cramorant,4,3,11,https://raw.githubusercontent.com/HybridShivam/Pokemon/master/assets/images/845.png
846,Arrokuda,4,11,,https://raw.githubusercontent.com/HybridShivam/Pokemon/master/assets/images/846.png
847,Barraskewda,4,11,,https://raw.githubusercontent.com/HybridShivam/Pokemon/master/assets/images/847.png
848,Toxel,4,13,4,https://raw.githubusercontent.com/HybridShivam/Pokemon/master/assets/images/848.png
849,Toxtricity,4,13,4,https://raw.githubusercontent.com/HybridShivam/Pokemon/master/assets/images/849.png
850,Sizzlipede,4,10,7,https://raw.githubusercontent.com/HybridShivam/Pokemon/master/assets/images/850.png
851,Centiskorch,4,10,7,https://raw.githubusercontent.com/HybridShivam/Pokemon/master/assets/images/851.png
852,Clobbopus,4,2,,https://raw.githubusercontent.com/HybridShivam/Pokemon/master/assets/images/852.png
853,Grapploct,4,2,,https://raw.githubusercontent.com/HybridShivam/Pokemon/master/assets/images/853.png
854,Sinistea,4,8,,https://raw.githubusercontent.com/HybridShivam/Pokemon/master/assets/images/854.png
855,Polteageist,4,8,,https://raw.githubusercontent.com/HybridShivam/Pokemon/master/assets/images/855.png
856,Hatenna,4,14,,https://raw.githubusercontent.com/HybridShivam/Pokemon/master/assets/images/856.png
857,Hattrem,4,14,,https://raw.githubusercontent.com/HybridShivam/Pokemon/master/assets/images/857.png
858,Hatterene,4,14,18,https://raw.githubusercontent.com/HybridShivam/Pokemon/master/assets/images/858.png
859,Impidimp,4,17,18,https://raw.githubusercontent.com/HybridShivam/Pokemon/master/assets/images/859.png
860,Morgrem,4,17,18,https://raw.githubusercontent.com/HybridShivam/Pokemon/master/assets/images/860.png
861,Grimmsnarl,4,17,18,https://raw.githubusercontent.com/HybridShivam/Pokemon/master/assets/images/861.png
862,Obstagoon,4,17,1,https://raw.githubusercontent.com/HybridShivam/Pokemon/master/assets/images/862.png
863,Perrserker,4,9,,https://raw.githubusercontent.com/HybridShivam/Pokemon/master/assets/images/863.png
864,Cursola,4,8,,https://raw.githubusercontent.com/HybridShivam/Pokemon/master/assets/images/864.png
865,Sirfetchd,4,2,,https://raw.githubusercontent.com/HybridShivam/Pokemon/master/assets/images/865.png
866,Mr Rime,4,15,14,https://raw.githubusercontent.com/HybridShivam/Pokemon/master/assets/images/866.png
867,Runerigus,4,5,8,https://raw.githubusercontent.com/HybridShivam/Pokemon/master/assets/images/867.png
868,Milcery,4,18,,https://raw.githubusercontent.com/HybridShivam/Pokemon/master/assets/images/868.png
869,Alcremie,4,18,,https://raw.githubusercontent.com/HybridShivam/Pokemon/master/assets/images/869.png
870,Falinks,4,2,,https://raw.githubusercontent.com/HybridShivam/Pokemon/master/assets/images/870.png
871,Pincurchin,4,13,,https://raw.githubusercontent.com/HybridShivam/Pokemon/master/assets/images/871.png
872,Snom,4,15,7,https://raw.githubusercontent.com/HybridShivam/Pokemon/master/assets/images/872.png
873,Frosmoth,4,15,7,https://raw.githubusercontent.com/HybridShivam/Pokemon/master/assets/images/873.png
874,Stonjourner,4,6,,https://raw.githubusercontent.com/HybridShivam/Pokemon/master/assets/images/874.png
875,Eiscue,4,15,,https://raw.githubusercontent.com/HybridShivam/Pokemon/master/assets/images/875.png
876,Indeedee,4,14,1,https://raw.githubusercontent.com/HybridShivam/Pokemon/master/assets/images/876.png
877,Morpeko,4,13,17,https://raw.githubusercontent.com/HybridShivam/Pokemon/master/assets/images/877.png
878,Cufant,4,9,,https://raw.githubusercontent.com/HybridShivam/Pokemon/master/assets/images/878.png
879,Copperajah,4,9,,https://raw.githubusercontent.com/HybridShivam/Pokemon/master/assets/images/879.png
880,Dracozolt,4,13,16,https://raw.githubusercontent.com/HybridShivam/Pokemon/master/assets/images/880.png
881,Arctozolt,4,13,15,https://raw.githubusercontent.com/HybridShivam/Pokemon/master/assets/images/881.png
882,Dracovish,4,11,16,https://raw.githubusercontent.com/HybridShivam/Pokemon/master/assets/images/882.png
883,Arctovish,4,11,15,https://raw.githubusercontent.com/HybridShivam/Pokemon/master/assets/images/883.png
884,Duraludon,4,9,16,https://raw.githubusercontent.com/HybridShivam/Pokemon/master/assets/images/884.png
885,Dreepy,4,16,8,https://raw.githubusercontent.com/HybridShivam/Pokemon/master/assets/images/885.png
886,Drakloak,4,16,8,https://raw.githubusercontent.com/HybridShivam/Pokemon/master/assets/images/886.png
887,Dragapult,4,16,8,https://raw.githubusercontent.com/HybridShivam/Pokemon/master/assets/images/887.png
888,Zacian,4,18,,https://raw.githubusercontent.com/HybridShivam/Pokemon/master/assets/images/888.png
889,Zamazenta,4,2,,https://raw.githubusercontent.com/HybridShivam/Pokemon/master/assets/images/889.png
890,Eternatus,4,4,16,https://raw.githubusercontent.com/HybridShivam/Pokemon/master/assets/images/890.png
891,Kubfu,4,2,,https://raw.githubusercontent.com/HybridShivam/Pokemon/master/assets/images/891.png
892,Urshifu,4,2,17,https://raw.githubusercontent.com/HybridShivam/Pokemon/master/assets/images/892.png
893,Zarude,4,17,12,https://raw.githubusercontent.com/HybridShivam/Pokemon/master/assets/images/893.png
894,Regieleki,4,13,,https://raw.githubusercontent.com/HybridShivam/Pokemon/master/assets/images/894.png
895,Regidrago,4,16,,https://raw.githubusercontent.com/HybridShivam/Pokemon/master/assets/images/895.png
896,Glastrier,4,15,,https://raw.githubusercontent.com/HybridShivam/Pokemon/master/assets/images/896.png
897,Spectrier,4,8,,https://raw.githubusercontent.com/HybridShivam/Pokemon/master/assets/images/897.png
898,Calyrex,4,14,12,https://raw.githubusercontent.com/HybridShivam/Pokemon/master/assets/images/898.png
